Plant_ID,Site,Time,Date,Replicate,Family,Genus,Species,Unique_ID,drying,etc,sex,nativity
Allaria_petiolata,DP1,14:05,2025-05-15,1,Halictidae,Augochlorella,aurata,,,,f,1
22,DP1,13:50,2025-05-15,1,Halictidae,Lasioglossum,Dialictus_spp,,,,m,1
Allaria_petiolata,DP1,14:04,2025-05-15,1,Halictidae,Augochlorella,aurata,,,,f,1
37,DT2,12:25,2025-05-16,1,Halictidae,Augochlorella,aurata,,,,f,1
38,DT2,12:41,2025-05-16,1,Halictidae,Augochlorella,aurata,,,,f,1
21,DT2,12:44,2025-05-16,1,Halictidae,Halictus,confusus,,,,f,1
52,WT1,11:25,2025-05-26,1,Halictidae,Lasioglossum,Dialictus_spp,,HD,,m,1
52,WT1,11:25,2025-05-26,1,Apidae,Ceratina,calcarata,,,,m,1
52,WP1,14:26,2025-05-26,1,Halictidae,Lasioglossum,Dialictus_spp,,,,m,1
56,WP1,14:37,2025-05-26,1,Halictidae,Lasioglossum,Dialictus_spp,,HD,,m,1
56,WP1,14:26,2025-05-26,1,Apidae,Ceratina,calcarata,,,,f,1
21,GN1,10:42,2025-05-27,1,Halictidae,Lasioglossum,Dialictus_spp,,,,m,1
21,GN1,10:42,2025-05-27,1,Halictidae,Lasioglossum,Dialictus_spp,,HD,,m,1
61,GP1,13:32,2025-05-27,1,Colletidae,Colletes,inequalis,,,,f,1
61,GP1,13:20,2025-05-27,1,Apidae,Ceratina,dupla,,,,m,1
61,GP1,13:29,2025-05-27,1,Apidae,Ceratina,calcarata,,,,m,1
61,GP1,13:42,2025-05-27,1,Apidae,Ceratina,mikmaqi,,,,m,1
64,WT2,12:57,2025-05-30,1,Halictidae,Augochlorella,aurata,,,,f,1
66,WT3,14:52,2025-05-30,1,Halictidae,Augochlorella,aurata,,HD,,f,1
55,WT2,12:37,2025-05-30,1,Colletidae,Hylaeus,affinis,,,,m,1
55,WT2,12:46,2025-05-30,1,Apidae,Ceratina,dupla,,,,f,1
26,DP2,13:41,2025-06-02,1,Apidae,Apis,mellifera,,,,f,0
26,DP2,13:46,2025-06-02,1,Apidae,Apis,mellifera,,HD,,f,0
26,DP2,13:49,2025-06-02,1,Halictidae,Augochlorella,aurata,,HD,,f,1
26,DP2,13:51,2025-06-02,1,Halictidae,Lasioglossum,Dialictus_spp,,,,m,1
26,DP2,13:56,2025-06-02,1,Halictidae,Augochlorella,aurata,,HD,,f,1
26,DP2,13:57,2025-06-02,1,Halictidae,Augochlorella,aurata,,,,f,1
26,DP2,14:01,2025-06-02,1,Halictidae,Augochlorella,aurata,,HD,1st,f,1
26,DP2,14:01,2025-06-02,1,Halictidae,Augochlorella,aurata,,HD,2nd,f,1
26,DP2,14:06,2025-06-02,1,Halictidae,Augochlorella,aurata,,HD,,f,1
26,DP2,13:46,2025-06-02,1,Halictidae,Augochlorella,aurata,,,,f,1
56,WP1,14:17,2025-06-03,2,Megachilidae,Osmia,conjuncta,,,,f,1
21,WN1,13:14,2025-06-03,2,Halictidae,Augochlorella,aurata,,,,f,1
56,WP1,14:06,2025-06-03,2,Halictidae,Halictus,confusus,,HD,,f,1
56,WP1,14:11,2025-06-03,2,Halictidae,Lasioglossum,Dialictus_spp,,HD,,m,1
56,WP1,14:14,2025-06-03,2,Apidae,Xylocopa,virginica,,,,m,1
21,WN1,13:12,2025-06-03,2,Colletidae,Hylaeus,affinis,,HD,,m,1
56,WP1,14:16,2025-06-03,2,Colletidae,Hylaeus,spp,,,,,1
56,WP1,14:11,2025-06-03,2,Andrenidae,Andrena,nasonii,,,,f,1
56,WT1,13:29,2025-06-04,2,Halictidae,Lasioglossum,Dialictus_spp,,,,m,1
57,DP2,15:10,2025-06-10,2,Halictidae,Augochlorella,aurata,,,,f,1
57,DP2,15:14,2025-06-10,2,Halictidae,Lasioglossum,pilosum,,,,f,1
57,DP2,15:19,2025-06-10,2,Halictidae,Lasioglossum,Dialictus_spp,,,,m,1
57,DP2,15:18,2025-06-10,2,Apidae,Apis,mellifera,,,,f,0
57,DP2,15:21,2025-06-10,2,Apidae,Apis,mellifera,,,,f,0
22,DT2,15:10,2025-06-11,2,Halictidae,Halictus,confusus,,,,f,1
44,GT2,14:03,2025-06-16,2,Apidae,Melissodes,apicatus_,,,,m,1
44,GT2,13:59,2025-06-16,2,Halictidae,Lasioglossum,coriaceum,,,,f,1
42,DP3,13:50,2025-06-17,2,Apidae,Bombus,griseocollis,,,,,1
5,GT1,11:47,2025-06-17,2,Megachilidae,Chelostoma,rapunculi,,,,,0
76,GT3,10:33,2025-06-17,2,Apidae,Bombus,bimaculatus,,,,f,1
42,DP3,13:29,2025-06-17,2,Apidae,Bombus,griseocollis,,,,f,1
94,DP3,13:42,2025-06-17,2,Apidae,Bombus,bimaculatus,,,,f,1
42,DP3,13:47,2025-06-17,2,Apidae,Apis,mellifera,,,,f,0
42,DP3,13:47,2025-06-17,2,Apidae,Bombus,griseocollis,,,,f,1
42,DP3,15:50,2025-06-17,2,Apidae,Bombus,griseocollis,,,,f,1
44,DP3,13:48,2025-06-17,2,Colletidae,Hylaeus,modestus,,,,f,1
42,DP3,13:56,2025-06-17,2,Apidae,Bombus,frigidus,,,,f,1
74,GT3,10:20,2025-06-17,2,Halictidae,Halictus,ligatus,,,,f,1
74,GT3,10:20,2025-06-17,2,Halictidae,Halictus,ligatus,,,,,1
75,GT3,10:22,2025-06-17,2,Megachilidae,Megachile,texana,,,,m,1
96,DT3,16:12,2025-06-17,3,Halictidae,Lasioglossum,Dialictus_spp,,,,m,1
42,WT3,13:14,2025-06-20,3,Halictidae,Augochlorella,aurata,,,,f,1
42,WT3,13:15,2025-06-20,3,Colletidae,Hylaeus,hylanictus,,,,f,0
42,WT3,13:17,2025-06-20,3,Megachilidae,Megachile,brevis,,,,m,1
42,WT3,13:26,2025-06-20,3,Colletidae,Hylaeus,illinoensis,,,,m,1
42,WT3,13:32,2025-06-20,3,Colletidae,Hylaeus,illinoensis,,,,f,1
42,WT3,13:34,2025-06-20,3,Colletidae,Hylaeus,modestus,,,,m,1
23,WN3,14:14,2025-06-20,3,Apidae,Melissodes,apicatus_,,,,m,1
116,GT3,11:43,2025-06-20,3,Megachilidae,Megachile,brevis,,,,m,1
42,WT3,13:26,2025-06-20,3,Apidae,Ceratina,dupla,,,,m,1
92,DP3,13:04,2025-06-23,3,Apidae,Apis,mellifera,,,,f,0
42,DP3,13:05,2025-06-23,3,Apidae,Apis,mellifera,,,,f,0
42,DP3,13:07,2025-06-23,3,Apidae,Bombus,griseocollis,,,,f,1
42,DP3,13:11,2025-06-23,3,Apidae,Apis,mellifera,,,,f,0
42,DP3,13:13,2025-06-23,3,Apidae,Apis,mellifera,,,,f,0
42,DP3,13:14,2025-06-23,3,Apidae,Apis,mellifera,,,,f,0
42,DP3,13:16,2025-06-23,3,Apidae,Apis,mellifera,,,,f,0
42,DP3,13:19,2025-06-23,3,Apidae,Apis,mellifera,,,,f,0
42,DP3,13:23,2025-06-23,3,Apidae,Apis,mellifera,,,,f,0
42,DP3,13:26,2025-06-23,3,Apidae,Apis,mellifera,,,,f,0
42,DP3,13:27,2025-06-23,3,Apidae,Apis,mellifera,,,,f,0
42,DP3,13:28,2025-06-23,3,Apidae,Apis,mellifera,,,,f,0
42,DP3,13:29,2025-06-23,3,Apidae,Apis,mellifera,,,,f,0
42,DP3,13:30,2025-06-23,3,Apidae,Apis,mellifera,,,,f,0
42,DP3,13:32,2025-06-23,3,Apidae,Apis,mellifera,,,1st,f,0
42,DP3,13:32,2025-06-23,3,Apidae,Apis,mellifera,,,2nd,f,0
42,DP3,13:32,2025-06-23,3,Apidae,Apis,mellifera,,,3rd,f,0
73,DT1,15:24,2025-06-23,3,Apidae,Bombus,bimaculatus,,,f,,1
42,DP3,13:04,2025-06-23,3,Apidae,Apis,mellifera,,,,f,0
73,DT2,16:35,2025-06-25,3,Andrenidae,Andrena,clarkella,,,,f,1
5,DP2,14:27,2025-06-25,3,Apidae,Apis,mellifera,,,,f,0
5,DP2,14:28,2025-06-25,3,Apidae,Bombus,rufocinctus,,,,m,1
5,DP2,14:49,2025-06-25,3,Apidae,Bombus,griseocollis,,,,f,1
108,GP1,10:16,2025-06-26,3,Apidae,Bombus,bimaculatus,,,,f,1
111,GT2,11:04,2025-06-26,3,Apidae,Anthophora,terminalis,,,,m,1
111,GT2,11:05,2025-06-26,3,Apidae,Anthophora,terminalis,,,,f,1
111,GT2,11:08,2025-06-26,3,Apidae,Anthophora,terminalis,,,,f,1
111,GT2,11:10,2025-06-26,3,Apidae,Anthophora,terminalis,,,,m,1
111,GT2,11:11,2025-06-26,3,Apidae,Anthophora,terminalis,,,,m,1
111,GT2,11:13,2025-06-26,3,Apidae,Anthophora,terminalis,,,,f,1
111,GT2,11:14,2025-06-26,3,Apidae,Anthophora,terminalis,,,,f,1
111,GT2,11:17,2025-06-26,3,Apidae,Anthophora,terminalis,,,,m,1
111,GT2,11:18,2025-06-26,3,Apidae,Anthophora,terminalis,,,,f,1
111,GT2,11:20,2025-06-26,3,Apidae,Bombus,bimaculatus,,,,f,1
111,GT2,11:20,2025-06-26,3,Apidae,Anthophora,terminalis,,,,,1
111,GT2,11:24,2025-06-26,3,Apidae,Anthophora,terminalis,,,1st,f,1
111,GT2,11:24,2025-06-26,3,Apidae,Anthophora,terminalis,,,2nd,f,1
112,GT3,11:32,2025-06-30,3,Halictidae,Halictus,ligatus,,,,f,1
112,GT3,11:37,2025-06-30,3,Halictidae,Lasioglossum,Dialictus_spp,,,,m,1
111,GT3,11:38,2025-06-30,3,Halictidae,Augochlorella,aurata,,,,f,1
119,GT3,11:39,2025-06-30,3,Halictidae,Halictus,ligatus,,,,f,1
115,GT3,11:45,2025-06-30,3,Halictidae,Halictus,ligatus,,,,f,1
112,GT3,11:46,2025-06-30,3,Halictidae,Agapostemon,virescens,,,,f,1
113,GT3,11:47,2025-06-30,3,Halictidae,Augochlorella,aurata,,,,f,1
115,GT3,11:52,2025-06-30,3,Halictidae,Augochlorella,aurata,,,,f,1
112,GT3,11:54,2025-06-30,3,Halictidae,Agapostemon,virescens,,,,f,1
112,GT3,11:59,2025-06-30,3,Halictidae,Augochlorella,aurata,,,,f,1
42,WT3,12:25,2025-06-30,4,Megachilidae,Megachile,texana,,,,m,1
42,DP3,11:05,2025-07-02,4,Apidae,Apis,mellifera,,,1st,f,0
42,DP3,11:05,2025-07-02,4,Apidae,Apis,mellifera,,,2nd,f,0
42,DP3,11:06,2025-07-02,4,Apidae,Apis,mellifera,,,,f,0
94,DP3,11:07,2025-07-02,4,Apidae,Apis,mellifera,,,,f,0
94,DP3,11:12,2025-07-02,4,Apidae,Apis,mellifera,,,,f,0
42,DP3,11:12,2025-07-02,4,Apidae,Apis,mellifera,,,1st,f,0
42,DP3,11:12,2025-07-02,4,Apidae,Apis,mellifera,,,2nd,f,0
47,DP3,11:14,2025-07-02,4,Apidae,Apis,mellifera,,,,f,0
94,DP3,11:16,2025-07-02,4,Apidae,Apis,mellifera,,,,f,0
94,DP3,11:18,2025-07-02,4,Apidae,Apis,mellifera,,,,f,0
42,DP3,11:20,2025-07-02,4,Apidae,Apis,mellifera,,,1st,f,0
42,DP3,11:20,2025-07-02,4,Apidae,Apis,mellifera,,,2nd,f,0
42,DP3,11:23,2025-07-02,4,Apidae,Apis,mellifera,,,1st,f,0
42,DP3,11:23,2025-07-02,4,Apidae,Apis,mellifera,,,2nd,f,0
42,DP3,11:24,2025-07-02,4,Apidae,Apis,mellifera,,,,f,0
42,DP3,11:29,2025-07-02,4,Apidae,Apis,mellifera,,,,f,0
42,DP3,11:30,2025-07-02,4,Apidae,Apis,mellifera,,,2nd,f,0
42,DP3,11:31,2025-07-02,4,Apidae,Apis,mellifera,,,,f,0
104,DT1,12:13,2025-07-02,4,Apidae,Bombus,griseocollis,,,,f,1
104,DT1,12:20,2025-07-02,4,Apidae,Bombus,griseocollis,,,,f,1
104,DT1,12:22,2025-07-02,4,Apidae,Ceratina,calcarata,,,,f,1
104,DT1,12:24,2025-07-02,4,Apidae,Bombus,bimaculatus,,,,f,1
104,DT1,12:27,2025-07-02,4,Apidae,Ceratina,calcarata,,,1,f,1
104,DT1,12:27,2025-07-02,4,Apidae,Bombus,bimaculatus,,,1,f,1
104,DT1,12:29,2025-07-02,4,Apidae,Bombus,griseocollis,,,,f,1
25,DT3,16:01,2025-07-02,4,Apidae,Apis,mellifera,,,,f,0
120,DT3,16:29,2025-07-02,4,Apidae,Bombus,impatiens,,,,f,1
42,DP3,11:11,2025-07-02,4,Colletidae,Hylaeus,punctatus,,,,m,0
42,DP3,11:30,2025-07-02,4,Colletidae,Hylaeus,punctatus,,,1st,f,1
104,DT1,12:26,2025-07-02,4,Colletidae,Hylaeus,punctatus,,,,f,0
42,WT3,12:23,2025-07-03,4,Megachilidae,Megachile,brevis,,,,f,1
42,WT3,12:32,2025-07-03,4,Megachilidae,Megachile,brevis,,,,f,1
42,WT3,12:36,2025-07-03,4,Megachilidae,Megachile,brevis,,,,m,1
42,WP1,13:36,2025-07-03,4,Megachilidae,Megachile,brevis,,,1st,,1
42,WP1,13:36,2025-07-03,4,Megachilidae,Megachile,latimanus,,,2nd,m,1
42,WP1,13:38,2025-07-03,4,Megachilidae,Megachile,latimanus,,,,m,1
42,WP1,13:55,2025-07-03,4,Megachilidae,Megachile,latimanus,,,,m,1
111,GT3,13:57,2025-07-03,4,Megachilidae,Anthidium,manicatum,,,,m,0
42,GT3,13:59,2025-07-03,4,Megachilidae,Megachile,texana,,,,m,1
5,WT1,09:49,2025-07-03,4,Halictidae,Agapostemon,virescens,,,,f,1
5,WT1,10:09,2025-07-03,4,Halictidae,Augochlorella,aurata,,,,f,1
42,WT3,12:36,2025-07-03,4,Halictidae,Lasioglossum,Dialictus_spp,,,,m,1
42,WT3,12:38,2025-07-03,4,Halictidae,Augochlorella,aurata,,,,f,1
5,DP2,11:59,2025-07-04,4,Halictidae,Halictus,ligatus,,,,f,1
107,DT2,12:35,2025-07-04,4,Halictidae,Lasioglossum,Dialictus_spp,,,,m,1
107,DT2,12:41,2025-07-04,4,Halictidae,Halictus,confusus,,,,f,1
107,DT2,12:43,2025-07-04,4,Halictidae,Halictus,confusus,,,,f,1
107,DT2,12:46,2025-07-04,4,Halictidae,Halictus,confusus,,,,f,1
107,DT2,12:40,2025-07-04,4,Colletidae,Hylaeus,affinis,,,,f,1
42,DP2,11:30,2025-07-04,4,Apidae,Apis,mellifera,,,1st,f,0
42,DP2,11:30,2025-07-04,4,Apidae,Apis,mellifera,,,2nd,f,0
42,DP2,11:33,2025-07-04,4,Apidae,Bombus,griseocollis,,,,m,1
42,DP2,11:36,2025-07-04,4,Apidae,Apis,mellifera,,,,f,0
5,DP2,11:38,2025-07-04,4,Apidae,Apis,mellifera,,,1st,f,0
5,DP2,11:38,2025-07-04,4,Apidae,Bombus,rufocinctus,,,2nd,f,1
42,DP2,11:43,2025-07-04,4,Apidae,Apis,mellifera,,,,,0
5,DP2,11:44,2025-07-04,4,Apidae,Apis,mellifera,,,,f,0
42,DP2,11:44,2025-07-04,4,Apidae,Bombus,rufocinctus,,,2,f,1
42,DP2,11:49,2025-07-04,4,Apidae,Bombus,griseocollis,,,,f,1
42,DP2,12:22,2025-07-04,4,Apidae,Apis,mellifera,,,,f,0
42,DP2,12:25,2025-07-04,4,Apidae,Apis,mellifera,,,,f,0
107,DT2,12:50,2025-07-04,4,Apidae,Apis,mellifera,,,,f,0
42,DP2,11:49,2025-07-04,4,Apidae,Bombus,griseocollis,,,,f,1
42,GT1,9:51,2025-07-07,4,Apidae,Apis,mellifera,,,,f,0
42,GT1,9:59,2025-07-07,4,Apidae,Bombus,griseocollis,,,,,1
42,GT1,10:00,2025-07-07,4,Apidae,Bombus,griseocollis,,,,f,1
42,GT1,10:02,2025-07-07,4,Apidae,Bombus,griseocollis,,,,f,1
42,GT1,10:13,2025-07-07,4,Apidae,Bombus,griseocollis,,,,f,1
42,GT1,10:15,2025-07-07,4,Apidae,Bombus,griseocollis,,,,f,1
42,GT1,10:19,2025-07-07,4,Apidae,Bombus,griseocollis,,,,f,1
42,GT1,10:20,2025-07-07,4,Apidae,Bombus,griseocollis,,,,f,1
112,GT3,13:34,2025-07-08,4,Apidae,Melissodes,druriellus_,,,,f,1
115,GT3,13:34,2025-07-08,4,Apidae,Triepeolus,remigatus,,,,m,1
116,GT3,13:35,2025-07-08,4,Apidae,Melissodes,illatus_,,,,f,1
113,GT3,13:38,2025-07-08,4,Apidae,Apis,mellifera,,,,f,0
114,GT3,13:40,2025-07-08,4,Apidae,Apis,mellifera,,,,f,0
115,GT3,13:46,2025-07-08,4,Apidae,Melissodes,druriellus_,,,,f,1
115,GT3,13:46,2025-07-08,4,Apidae,Melissodes,druriellus_,,,,f,1
115,GT3,13:47,2025-07-08,4,Apidae,Bombus,griseocollis,,,,f,1
113,GT3,13:48,2025-07-08,4,Apidae,Apis,mellifera,,,,f,0
115,GT3,13:52,2025-07-08,4,Apidae,Melissodes,druriellus_,,,,f,1
115,GT3,13:55,2025-07-08,4,Apidae,Melissodes,druriellus_,,,,f,1
42,GT3,13:58,2025-07-08,4,Apidae,Bombus,griseocollis,,,,f,1
114,GT3,14:01,2025-07-08,4,Apidae,Apis,mellifera,,,,f,0
115,GT3,14:03,2025-07-08,4,Apidae,Melissodes,illatus_,,,,f,1
124,GT2,16:38,2025-07-08,4,Apidae,Bombus,bimaculatus,,,,m,1
124,GT2,16:40,2025-07-08,4,Apidae,Anthophora,terminalis,,,,f,1
112,GT2,16:41,2025-07-08,4,Apidae,Melissodes,druriellus_,,,,m,1
113,GT2,16:41,2025-07-08,4,Apidae,Melissodes,illatus_,,,,f,1
112,GT2,16:42,2025-07-08,4,Apidae,Melissodes,illatus_,,,,f,1
112,GT2,16:43,2025-07-08,4,Apidae,Melissodes,illatus_,,,,f,1
112,GT2,16:46,2025-07-08,4,Apidae,Melissodes,illatus_,,,,f,1
124,GT2,16:50,2025-07-08,4,Apidae,Anthophora,terminalis,,,,m,1
124,GT2,16:52,2025-07-08,4,Apidae,Ceratina,calcarata,,,,f,1
124,GT2,16:52,2025-07-08,4,Apidae,Anthophora,terminalis,,,,f,1
124,GT2,16:59,2025-07-08,4,Apidae,Anthophora,terminalis,,,,f,1
112,GT2,17:01,2025-07-08,4,Apidae,Melissodes,illatus_,,,,f,1
113,GT2,17:04,2025-07-08,4,Apidae,Melissodes,illatus_,,,,f,1
113,GT2,17:05,2025-07-08,4,Apidae,Melissodes,illatus_,,,,f,1
111,GT3,13:39,2025-07-08,4,Colletidae,Hylaeus,affinis,,,,f,1
115,GT3,13:37,2025-07-08,4,Halictidae,Halictus,ligatus,,,,f,1
117,GT3,13:40,2025-07-08,4,Halictidae,Halictus,ligatus,,,,f,1
115,GT3,13:42,2025-07-08,4,Halictidae,Halictus,ligatus,,,,f,1
123,GT3,13:49,2025-07-08,4,Halictidae,Halictus,ligatus,,,,f,1
111,GT3,13:50,2025-07-08,4,Halictidae,Lasioglossum,imitatum,,,,f,1
113,GT3,13:52,2025-07-08,4,Halictidae,Augochlorella,aurata,,,,f,1
115,GT3,13:56,2025-07-08,4,Halictidae,Halictus,ligatus,,,,f,1
111,GT3,13:59,2025-07-08,4,Halictidae,Lasioglossum,imitatum,,,,f,1
113,GT3,14:02,2025-07-08,4,Halictidae,Augochlorella,aurata,,,,f,1
124,GT2,16:56,2025-07-08,4,Halictidae,Lasioglossum,imitatum,,,,f,1
127,GN1,10:27,2025-07-09,4,Halictidae,Lasioglossum,leucozonium,,,,f,0
132,GP1,12:12,2025-07-09,4,Halictidae,Lasioglossum,admirandum,,,,f,1
23,WN3,12:46,2025-07-10,4,Andrenidae,Andrena,dunnigi,,,,f,1
134,WT1,13:46,2025-07-10,5,Colletidae,Hylaeus,hylanictus,,,,m,0
134,WT1,13:50,2025-07-10,5,Colletidae,Hylaeus,punctatus,,,,f,0
134,WT1,13:56,2025-07-10,5,Colletidae,Hylaeus,punctatus,,,,f,0
134,WT1,13:57,2025-07-10,5,Colletidae,Hylaeus,punctatus,,,,m,0
133,WT3,12:08,2025-07-10,5,Halictidae,Halictus,ligatus,,,,f,1
133,WT3,12:26,2025-07-10,5,Halictidae,Augochlorella,aurata,,,,m,1
133,WT3,12:24,2025-07-10,5,Halictidae,Halictus,confusus,,,,f,1
137,DP3,13:30,2025-07-11,5,Apidae,Apis,mellifera,,,,f,0
130,DP3,13:30,2025-07-11,5,Halictidae,Halictus,confusus,,,,f,1
42,GT3,13:03,2025-07-11,5,Megachilidae,Hoplitis,truncata,,,,m,1
73,WP1,10:42,2025-07-11,5,Apidae,Bombus,rufocinctus,,,,m,1
5,WP1,10:45,2025-07-11,5,Apidae,Bombus,rufocinctus,,,,f,1
5,WP1,10:59,2025-07-11,5,Apidae,Apis,mellifera,,,,f,0
5,WP1,10:59,2025-07-11,5,Apidae,Apis,mellifera,,,,f,0
5,WP1,11:02,2025-07-11,5,Apidae,Bombus,rufocinctus,,,,f,1
13,WP1,11:10,2025-07-11,5,Apidae,Bombus,rufocinctus,,,,f,1
5,WP1,11:10,2025-07-11,5,Apidae,Bombus,rufocinctus,,,,f,1
42,WP1,13:35,2025-07-11,5,Apidae,Apis,mellifera,,,,f,0
42,WP1,13:41,2025-07-11,5,Apidae,Apis,mellifera,,,,f,0
42,DP3,13:17,2025-07-11,5,Megachilidae,Megachile,pugnata,,,,m,1
130,DP3,13:38,2025-07-11,5,Apidae,Bombus,rufocinctus,,,,f,1
42,DP3,13:43,2025-07-11,5,Apidae,Apis,mellifera,,,,f,0
42,DP3,13:44,2025-07-11,5,Apidae,Apis,mellifera,,,,f,0
130,DP3,13:23,2025-07-11,5,Apidae,Bombus,rufocinctus,,,,m,1
137,DP3,13:20,2025-07-11,5,Halictidae,Lasioglossum,pilosum,,,,f,1
137,DP3,13:34,2025-07-11,5,Halictidae,Agapostemon,virescens,,,,f,1
124,GT2,13:41,2025-07-12,5,Halictidae,Agapostemon,sericeus,,,,f,1
124,GT2,13:44,2025-07-12,5,Halictidae,Lasioglossum,imitatum,,,,f,1
5*,GP1,15:11,2025-07-12,5,Halictidae,Augochlora,pura,,,,m,1
124,GT2,12:29,2025-07-12,5,Apidae,Bombus,bimaculatus,,,,m,1
124,GT2,13:24,2025-07-12,5,Apidae,Bombus,impatiens,,,,f,1
124,GT2,13:31,2025-07-12,5,Apidae,Ceratina,calcarata,,,,f,1
124,GT2,13:39,2025-07-12,5,Apidae,Anthophora,terminalis,,,,f,1
112,GT2,13:47,2025-07-12,5,Apidae,Melissodes,illatus_,,,,f,1
124,GT2,13:50,2025-07-12,5,Apidae,Ceratina,mikmaqi,,,,f,1
124,GT2,13:53,2025-07-12,5,Apidae,Ceratina,calcarata,,,,f,1
124,GT2,13:29,2025-07-12,5,Apidae,Bombus,bimaculatus,,,,m,1
5*,GP1,15:20,2025-07-12,5,Apidae,Apis,mellifera,,,,f,0
134,GP1,15:05,2025-07-12,5,Colletidae,Hylaeus,punctatus,,,,m,0
134,GP1,15:06,2025-07-12,5,Colletidae,Hylaeus,modestus,,,,f,1
134,GP1,15:15,2025-07-12,5,Colletidae,Hylaeus,modestus,,,,f,1
134,GP1,15:18,2025-07-12,5,Colletidae,Hylaeus,punctatus,,,,f,0
134,GP1,15:20,2025-07-12,5,Colletidae,Hylaeus,modestus,,,,f,1
134,GP1,14:58,2025-07-12,5,Colletidae,Hylaeus,modestus,,,,f,1
112,GT2,13:53,2025-07-12,5,Halictidae,Halictus,ligatus,,,,f,1
5,GP1,15:11,2025-07-12,5,Halictidae,Lasioglossum,Dialictus_spp,,,,m,1
5,GP1,15:16,2025-07-12,5,Megachilidae,Hariades,leavitti,,,,m,1
169,DP2,15:28,2025-07-15,5,Halictidae,Halictus,ligatus,,,,f,1
94,DT2,10:24,2025-07-15,5,Apidae,Bombus,bimaculatus,,,1,m,1
94,DT2,10:24,2025-07-15,5,Apidae,Bombus,rufocinctus,,,,f,1
94,DT2,10:34,2025-07-15,5,Apidae,Bombus,griseocollis,,,,f,1
94,DT2,10:43,2025-07-15,5,Halictidae,Lasioglossum,Dialictus_spp,,,,m,1
40,DT2,10:47,2025-07-15,5,Halictidae,Lasioglossum,pectorale,,,,f,1
5,GT1,11:19,2025-07-16,5,Halictidae,Lasioglossum,leucozonium,,,,m,0
115,GT3,13:03,2025-07-16,5,Halictidae,Halictus,ligatus,,,,,1
115,GT3,13:11,2025-07-16,5,Halictidae,Lasioglossum,pectorale,,,,f,1
115,GT3,13:13,2025-07-16,5,Halictidae,Halictus,confusus,,,,m,1
115,GT3,13:16,2025-07-16,5,Halictidae,Lasioglossum,Dialictus_spp,,,,m,1
115,GT3,12:56,2025-07-16,5,Apidae,Melissodes,illatus_,,,,f,1
42,GT3,12:56,2025-07-16,5,Apidae,Apis,mellifera,,,,f,0
42,GT3,12:56,2025-07-16,5,Megachilidae,Megachile,texana,,,2,,1
115,GT3,12:57,2025-07-16,5,Apidae,Melissodes,illatus_,,,,f,1
42,GT3,12:59,2025-07-16,5,Apidae,Apis,mellifera,,,,f,0
42,GT3,13:00,2025-07-16,5,Apidae,Apis,mellifera,,,,f,0
115,GT3,13:00,2025-07-16,5,Apidae,Melissodes,illatus_,,,2,f,1
115,GT3,13:05,2025-07-16,5,Apidae,Melissodes,illatus_,,,,f,1
115,GT3,13:09,2025-07-16,5,Apidae,Bombus,griseocollis,,,,f,1
115,GT3,13:09,2025-07-16,5,Apidae,Melissodes,illatus_,,,1,f,1
42,GT3,13:10,2025-07-16,5,Apidae,Apis,mellifera,,,,f,0
42,GT3,13:14,16-07-2025,5,Megachilidae,Megachile,mendica,,,,m,1
115,GT3,13:23,2025-07-16,5,Apidae,Melissodes,illatus_,,,,f,1
42,GT3,13:22,2025-07-16,5,Apidae,Apis,mellifera,,,,f,0
134,GT1,11:16,2025-07-16,5,Colletidae,Hylaeus,modestus,,,,f,1
115,GT3,13:06,2025-07-16,5,Colletidae,Hylaeus,punctatus,,,,m,0
114,GT3,13:24,16-07-2025,5,Megachilidae,Megachile,texana,,,2,m,1
42,GT3,13:25,2025-07-16,5,Halictidae,Augochlorella,aurata,,,,f,1
5,GT1,11:20,2025-07-16,5,Halictidae,Agapostemon,virescens,,,,f,1
115,GT3,13:24,2025-07-16,5,Halictidae,Halictus,ligatus,,,,f,1
115,GT3,13:03 1,2025-07-16,5,Halictidae,Halictus,ligatus,,,,f,1
115,GT3,13:03 2,2025-07-16,5,Halictidae,Halictus,ligatus,,,,f,1
115,GT3,13:08,2025-07-16,5,Halictidae,Halictus,ligatus,,,,f,1
115,GT3,13:18,2025-07-16,5,Halictidae,Halictus,ligatus,,,,m,1
115,GT3,13:17,2025-07-16,5,Halictidae,Halictus,confusus,,,,m,1
42,GT3,13:20,2025-07-16,5,Megachilidae,Hoplitis,truncata,,,,m,1
124,DP2,13:03,2025-07-18,5,Halictidae,Lasioglossum,Dialictus_spp,,,,m,1
?,DT2,11:35,2025-07-18,5,Halictidae,Augochlorella,aurata,,,,f,1
122,DT2,11:59,2025-07-18,5,Halictidae,Augochlorella,aurata,,,,f,1
?,DT2,12:00,2025-07-18,5,Halictidae,Augochlorella,aurata,,,,f,1
124,DP2,13:04,2025-07-18,5,Apidae,Ceratina,calcarata,,,,f,1
124,DP2,12:44,2025-07-18,5,Apidae,Bombus,griseocollis,,,,m,1
122,DT2,11:46,2025-07-18,5,Apidae,Bombus,rufocinctus,,,,f,1
122,DT2,11:34,2025-07-18,5,Apidae,Bombus,rufocinctus,,,,f,1
122,DT2,11:47,2025-07-18,5,Apidae,Apis,mellifera,,,,f,0
122,DT2,11:47 1,2025-07-18,5,Halictidae,Halictus,ligatus,,,,f,0
122,DT2,11:58,2025-07-18,5,Halictidae,Lasioglossum,anomalum,,,,f,1
124,DP2,12:44,2025-07-18,5,Apidae,Bombus,griseocollis,,,,f,1
124,DP2,12:45,2025-07-18,5,Apidae,Bombus,griseocollis,,,,m,1
124,DP2,12:46,2025-07-18,5,Apidae,Bombus,griseocollis,,,,m,1
124,DP2,12:47,2025-07-18,5,Apidae,Bombus,griseocollis,,,,m,1
124,DP2,12:47,2025-07-18,5,Apidae,Bombus,griseocollis,,,2,m,1
124,DP2,12:48,2025-07-18,5,Apidae,Bombus,griseocollis,,,,f,1
124,DP2,12:48,2025-07-18,5,Apidae,Bombus,bimaculatus,,,,m,1
124,DP2,12:49,2025-07-18,5,Apidae,Bombus,griseocollis,,,,m,1
124,DP2,12:51,2025-07-18,5,Apidae,Bombus,bimaculatus,,,,m,1
124,DP2,12:51,2025-07-18,5,Apidae,Bombus,griseocollis,,,,m,1
124,DP2,12:51,2025-07-18,5,Apidae,Bombus,griseocollis,,,b,m,1
124,DP2,12:53,2025-07-18,5,Apidae,Bombus,bimaculatus,,,,m,1
124,DP2,12:55,2025-07-18,5,Apidae,Bombus,griseocollis,,,2,m,1
124,DP2,12:56,2025-07-18,5,Apidae,Bombus,bimaculatus,,,,m,1
124,DP2,12:58,2025-07-18,5,Apidae,Bombus,impatiens,,,,f,1
124,DP2,12:58,2025-07-18,5,Apidae,Bombus,griseocollis,,,3,f,1
124,DP2,12:58,2025-07-18,5,Apidae,Bombus,bimaculatus ,,,a,f,1
124,DP2,12:59,2025-07-18,5,Apidae,Bombus,bimaculatus,,,,m,1
124,DP2,13:01,2025-07-18,5,Apidae,Melissodes,desponsus_,,,,,1
124,DP2,13:03,2025-07-18,5,Halictidae,Lasioglossum,imitatum,,,,f,1
124,DP2,13:05,2025-07-18,5,Apidae,Ceratina,calcarata,,,,f,1
124,DP2,13:08,2025-07-18,5,Apidae,Bombus,griseocollis,,,a,m,1
124,DP2,13:08,2025-07-18,5,Apidae,Bombus,bimaculatus,,,b,f,1
124,DP2,13:11,2025-07-18,5,Apidae,Bombus,griseocollis,,,a,m,1
124,DP2,13:11,2025-07-18,5,Apidae,Bombus,griseocollis,,,b,m,1
124,DP2,13:13,2025-07-18,5,Apidae,Ceratina,calcarata,,,,f,1
25,DT3,15:03,2025-07-18,6,Apidae,Bombus,bimaculatus,,,,f,1
25,DT3,15:04,2025-07-18,6,Apidae,Bombus,rufocinctus,,,,f,1
25,DT3,15:17,2025-07-18,6,Apidae,Bombus,rufocinctus,,,,f,1
25,DT3,15:11,2025-07-18,6,Colletidae,Hylaeus,affinis,,,,m,1
122,DT2,11:38,2025-07-18,5,Halictidae,Halictus,ligatus,,,,f,1
? ,DT2,11:53,2025-07-18,5,Halictidae,Halictus,confusus,,,,f,1
139,DN2,11:07,2025-07-18,5,Halictidae,Augochlorella,aurata,,,,m,1
106,WT1,11:03,2025-07-21,6,Halictidae,Agapostemon,virescens,,,,f,1
106,WT1,11:04,2025-07-21,6,Halictidae,Halictus,ligatus,,,,f,1
106,WT1,11:07,2025-07-21,6,Halictidae,Halictus,ligatus,,,,f,1
106,WT1,10:54,2025-07-21,6,Halictidae,Halictus,ligatus,,,,f,1
160,WT1,11:39,2025-07-21,6,Halictidae,Halictus,ligatus,,,,,1
106,WT1,10:51,2025-07-21,6,Halictidae,Halictus,ligatus,,,,f,1
68,WN1,11:45,2025-07-21,6,Megachilidae,Megachile,brevis,,,,f,1
144,WP3,13:46,2025-07-21,6,Apidae,Bombus,bimaculatus,,,,m,1
144,WP3,14:12,2025-07-21,6,Apidae,Apis,mellifera,,,,f,0
147,WP3,13:53,2025-07-21,6,Apidae,Melissodes,illatus_,,,,f,1
144,WP3,13:51,2025-07-21,6,Apidae,Bombus,bimaculatus,,,,m,1
106,WT1,10:51,2025-07-21,6,Apidae,Bombus,bimaculatus,,,,m,1
146,WP3,13:51,2025-07-21,6,Apidae,Bombus,bimaculatus,,,,m,1
146,WP3,13:52,2025-07-21,6,Apidae,Bombus,bimaculatus,,,,m,1
146,WP3,13:52,2025-07-21,6,Apidae,Melissodes,illatus_,,,,f,1
146,WP3,13:54,2025-07-21,6,Apidae,Melissodes,illatus_,,,,m,1
145,WP3,14:00,2025-07-21,6,Apidae,Melissodes,illatus_,,,,f,1
148,WP3,14:01,2025-07-21,6,Apidae,Melissodes,trinodis_,,,,m,1
146,WP3,14:02,2025-07-21,6,Apidae,Melissodes,trinodis_,,,,m,1
146,WP3,14:05,2025-07-21,6,Apidae,Melissodes,illatus_,,,,m,1
144,WP3,14:05,2025-07-21,6,Colletidae,Hylaeus,illinoensis,,,,f,1
146,WP3,14:06,2025-07-21,6,Apidae,Melissodes,illatus_,,,,m,1
144,WP3,14:08,2025-07-21,6,Apidae,Bombus,bimaculatus,,,,m,1
146,WP3,14:09,2025-07-21,6,Apidae,Melissodes,illatus_,,,,m,1
146,WP3,14:10,2025-07-21,6,Apidae,Bombus,bimaculatus,,,,m,1
145,WP3,13:58,2025-07-21,6,Apidae,Melissodes,desponsus_,,,,m,1
152,WT3,15:13,2025-07-21,6,Colletidae,Hylaeus,affinis,,,,f,1
145,WP3,13:45,2025-07-21,6,Halictidae,Halictus,ligatus,,,,f,1
145,WP3,13:49,2025-07-21,6,Halictidae,Lasioglossum,lineatulum,,,,f,1
145,WP3,14:01,2025-07-21,6,Halictidae,Halictus,ligatus,,,,f,1
152,WT3,14:56,2025-07-21,6,Halictidae,Lasioglossum,Dialictus_spp,,,,m,1
152,WT3,15:08,2025-07-21,6,Halictidae,Lasioglossum,Dialictus_spp,,,,m,1
152,WT3,15:04,2025-07-21,6,Halictidae,Lasioglossum,Dialictus_spp,,,,m,1
152,WT3,15:10,2025-07-21,6,Halictidae,Halictus,confusus,,,,f,1
5,WT3,14:44,2025-07-21,6,Halictidae,Halictus,ligatus,,,,m,1
5,WT3,14:48,2025-07-21,6,Halictidae,Halictus,confusus,,,,m,1
68,WT3,14:57,2025-07-21,6,Megachilidae ,Megachile,rotundata,,,,f,0
152,WT3,15:02,2025-07-21,6,Halictidae,Augochlorella,aurata,,,,m,1
152,WT3,15:11,2025-07-21,6,Halictidae,Augochlorella,aurata,,,,m,1
?,DT2,12:32,2025-07-22,6,Halictidae,Lasioglossum,leucozonium,,,,m,0
124,DT2,13:51,2025-07-22,6,Halictidae,Lasioglossum,Dialictus_spp,,,,m,1
5,WT4,12:22,2025-07-22,8,Apidae,Bombus,impatiens,,,,f,1
?,DT2,12:10,2025-07-22,6,Halictidae,Lasioglossum,pilosum,,,,f,1
124,DP2,13:30,2025-07-22,6,Halictidae,Lasioglossum,Dialictus_spp,,,,m,1
?,DT2,12:24,2025-07-22,6,Halictidae,Augochlorella,aurata,,,,f,1
124,DP2,13:53,2025-07-22,6,Halictidae,Augochlorella,,,,,f,1
?,DT2,12:11,2025-07-22,6,Halictidae,Augochlorella,aurata,,,,f,1
122,DT2,12:24,2025-07-22,6,Halictidae,Halictus,confusus,,,,f,1
134,DT2,12:08,2025-07-22,6,Halictidae,Lasioglossum,anomalum,,,,f,1
134,DT2,12:12,2025-07-22,6,Halictidae,Halictus,rubucundis,,,,f,1
122,DT2,12:18,2025-07-22,6,Apidae,Bombus,impatiens,,,,f,1
?,DT2,12:25,22-07-2025,6,Halictidae,Augochlorella,aurata,,,,f,1
?,DT2,12:31,22-07-2025,6,Halictidae,Augochlorella,aurata,,,,f,1
124,DP2,13:28,2025-07-22,6,Apidae,Bombus,griseocollis,,,1,m,1
124,DP2,13:28,2025-07-22,6,Apidae,Bombus,griseocollis,,,2,m,1
124,DP2,13:30,2025-07-22,6,Apidae,Bombus,griseocollis,,,1,m,1
124,DP2,13:31,2025-07-22,6,Apidae,Bombus,griseocollis,,,,f,1
124,DP2,13:33,2025-07-22,6,Apidae,Bombus,griseocollis,,,1,m,1
124,DP2,13:33,2025-07-22,6,Apidae,Bombus,griseocollis,,,2,m,1
124,DP2,13:35,2025-07-22,6,Apidae,Bombus,griseocollis,,,,f,1
124,DP2,13:36,2025-07-22,6,Apidae,Bombus,griseocollis,,,,m,1
124,DP2,13:39,2025-07-22,6,Apidae,Bombus,griseocollis,,,,f,1
124,DP2,13:39,2025-07-22,6,Apidae,Bombus,griseocollis,,,,m,1
124,DP2,13:40,2025-07-22,6,Apidae,Bombus,griseocollis,,,,m,1
124,DP2,13:41,2025-07-22,6,Apidae,Bombus,griseocollis,,,,f,1
124,DP2,13:42,2025-07-22,6,Apidae,Bombus,bimaculatus,,,2,f,1
124,DP2,13:42,2025-07-22,6,Apidae,Bombus,griseocollis,,,,m,1
124,DP2,13:44,2025-07-22,6,Apidae,Bombus,bimaculatus,,,2,f,1
124,DP2,13:44,2025-07-22,6,Apidae,Bombus,griseocollis,,,2,m,1
124,DP2,13:46,2025-07-22,6,Apidae,Bombus,griseocollis,,,1,m,1
124,DP2,13:46,2025-07-22,6,Apidae,Bombus,griseocollis,,,2,m,1
124,DP2,13:47,2025-07-22,6,Apidae,Bombus,griseocollis,,,,f,1
124,DP2,13:48,2025-07-22,6,Apidae,Bombus,griseocollis,,,,f,1
124,DP2,13:49,2025-07-22,6,Apidae,Bombus,griseocollis,,,,m,1
124,DP2,13:50,2025-07-22,6,Apidae,Bombus,griseocollis,,,,m,1
124,DP2,13:52,2025-07-22,6,Apidae,Bombus,griseocollis,,,,f,1
124,DP2,13:53,2025-07-22,6,Apidae,Bombus,impatiens,,,,f,1
124,DP2,13:54,2025-07-22,6,Apidae,Bombus,griseocollis,,,,m,1
124,DP2,13:56,2025-07-22,6,Apidae,Bombus,griseocollis,,,,f,1
124,DP2,13:57,2025-07-22,6,Apidae,Bombus,griseocollis,,,,f,1
146,GT3,11:56,2025-07-24,6,Apidae,Apis,mellifera,,,,f,0
115,GT3,12:19,2025-07-24,6,Apidae,Melissodes,illatus_,,,,m,1
115,GT3,12:23,2025-07-24,6,Apidae,Melissodes,trinodis_,,,,f,1
115,GT3,12:21,2025-07-24,6,Apidae,Melissodes,illatus_,,,,f,1
115,GT3,12:13,2025-07-24,6,Apidae,Melissodes,trinodis_,,,,f,1
146,GT3,12:09,2025-07-24,6,Apidae,Melissodes,trinodis_,,,,f,1
134,GP2,13:45,2025-07-24,6,Colletidae,Hylaeus,affinis,,,,f,1
123,GP2,13:48,2025-07-24,6,Apidae,Apis,mellifera,,,,f,0
160*,GP2,13:55,2025-07-24,6,Apidae,Apis,mellifera,,,,f,0
160,GP2,13:46,2025-07-24,6,Apidae,Bombus,rufocinctus,,,,f,1
160,GP2,14:03,2025-07-24,6,Apidae,Bombus,rufocinctus,,,,f,1
153,GT3,12:06,2025-07-24,6,Apidae,Bombus,griseocollis,,,,m,1
146,GT3,12:08,2025-07-24,6,Apidae,Bombus,griseocollis,,,,m,1
146,GT3,12:10,2025-07-24,6,Apidae,Bombus,griseocollis,,,,m,1
146,GT3,12:11,2025-07-24,6,Apidae,Bombus,griseocollis,,,,m,1
154,GT3,12:13,2025-07-24,6,Apidae,Bombus,griseocollis,,,,m,1
146,GT3,12:14,2025-07-24,6,Apidae,Bombus,griseocollis,,,,m,1
146,GT3,12:14,2025-07-24,6,Apidae,Bombus,vagans,,,a,m,1
154,GT3,12:15,2025-07-24,6,Apidae,Bombus,griseocollis,,,,m,1
154,GT3,12:16,2025-07-24,6,Apidae,Bombus,griseocollis,,,,f,1
154,GT3,12:23,2025-07-24,6,Apidae,Bombus,griseocollis,,,,f,1
124,GP2,13:42,2025-07-24,6,Apidae,Bombus,bimaculatus,,,,f,1
124,GP2,14:06,2025-07-24,6,Apidae,Bombus,bimaculatus,,,,f,1
146,GT3,11:57,2025-07-24,6,Apidae,Bombus,griseocollis,,,,f,1
146,GT3,11:58,2025-07-24,6,Apidae,Bombus,griseocollis,,,,f,1
142,GT3,12:01,2025-07-24,6,Apidae,Bombus,bimaculatus,,,2,f,1
146,GT3,12:01,2025-07-24,6,Apidae,Bombus,griseocollis,,,,m,1
146,GT3,12:03,2025-07-24,6,Apidae,Bombus,griseocollis,,,,m,1
134,GT1,11:05,2025-07-24,6,Colletidae,Hylaeus,punctatus,,,,f,0
134,GT1,11:07,2025-07-24,6,Colletidae,Hylaeus,punctatus,,,,f,0
134,GT1,11:14,2025-07-24,6,Colletidae,Hylaeus,punctatus,,,,f,0
134,GT1,11:15,2025-07-24,6,Colletidae,Hylaeus,punctatus,,,,f,0
134,GT1,11:22,2025-07-24,6,Colletidae,Hylaeus,punctatus,,,,f,0
134,GT1,11:28,2025-07-24,6,Colletidae,Hylaeus,modestus,,,,f,1
134,GT1,11:32,2025-07-24,6,Colletidae,Hylaeus,modestus,,,,f,1
134,GP2,13:40,2025-07-24,6,Colletidae,Hylaeus,modestus,,,,f,1
134,GP2,13:42 a,2025-07-24,6,Colletidae,Hylaeus,modestus,,,,f,1
134,GP2,13:42 b,2025-07-24,6,Colletidae,Hylaeus,modestus,,,,f,1
134,GP2,13:42 c,2025-07-24,6,Colletidae,Hylaeus,modestus,,,,f,1
134,GT1,11:36,2025-07-24,6,Colletidae,Hylaeus,modestus,,,,f,1
134,GP2,13:39,2025-07-24,6,Colletidae,Hylaeus,modestus,,,,f,1
134,GP2,13:50 1,2025-07-24,6,Colletidae,Hylaeus,modestus,,,,f,1
134,GP2,13:50 2,2025-07-24,6,Colletidae,Hylaeus,modestus,,,,f,1
134,GP2,13:53,2025-07-24,6,Colletidae,Hylaeus,modestus,,,,f,1
134,GP2,14:01,2025-07-24,6,Colletidae,Hylaeus,modestus,,,,f,1
134,GT1,11:25,2025-07-24,6,Halictidae,Lasioglossum,Dialictus_spp,,,,m,1
134,GT1,11:12,2025-07-24,6,Halictidae,Lasioglossum,Dialictus_spp,,,,m,1
55,GN1,10:47,2025-07-24,6,Halictidae,Lasioglossum,Dialictus_spp,,,,m,1
115,GT3,12:11,2025-07-24,6,Halictidae,Augochlorella,aurata,,,,f,1
55,GN1,10:44,2025-07-24,6,Halictidae,Augochlorella,aurata,,,,f,1
55,GN1,10:32,2025-07-24,6,Halictidae,Augochlorella,aurata,,,,m,1
106,GT1,11:11,2025-07-24,6,Apidae,Bombus,rufocinctus,,,,f,1
106,GT1,11:18,2025-07-24,6,Halictidae,Agapostemon,virescens,,,,f,1
115,GT3,11:53,2025-07-24,6,Halictidae,Halictus,ligatus,,,,f,1
115,GT3,12:09,2025-07-24,6,Halictidae,Halictus,ligatus,,,,m,1
160,GP2,13:41,2025-07-24,6,Halictidae,Halictus,ligatus,,,,f,1
115,GT3,12:05,2025-07-24,6,Halictidae,Halictus,ligatus,,,,f,1
115,GT3,11:56,2025-07-24,6,Halictidae,Halictus,ligatus,,,,f,1
115,GT3,12:25,2025-07-24,6,Halictidae,Halictus,ligatus,,,,f,1
115,GT3,12:21,2025-07-24,6,Halictidae,Halictus,ligatus,,,,f,1
115,GT3,12:14,2025-07-24,6,Halictidae,Halictus,ligatus,,,,f,1
115,GT3,12:06,2025-07-24,6,Halictidae,Halictus,rubucundis,,,,f,1
134,GP2,14:08,2025-07-24,6,Megachilidae,Hariades,leavitti,,,,f,1
5,GT1,11:09,2025-07-24,6,Halictidae,Lasioglossum,leucozonium,,,,m,0
159,DP3,10:52,2025-07-28,6,Apidae,Melissodes,illatus_,,,,m,1
159,DP3,10:33,2025-07-28,6,Apidae,Melissodes,illatus_,,,,m,1
159,DP3,10:50,2025-07-28,6,Apidae,Melissodes,illatus_,,,,m,1
159,DP3,10:23,2025-07-28,6,Apidae,Bombus,vagans,,,,m,1
159,DP3,12:25,2025-07-28,6,Apidae,Bombus,griseocollis,,,,f,1
159,DP3,10:30,2025-07-28,6,Apidae,Bombus,griseocollis,,,,m,1
159,DP3,10:26,2025-07-28,6,Megachilidae,Megachile,relativa,,,,m,1
159,DP3,10:28,2025-07-28,6,Apidae,Bombus,griseocollis,,,,f,1
159,DP3,10:28,2025-07-28,6,Apidae,Bombus,rufocinctus,,,,m,1
159,DP3,10:31,2025-07-28,6,Apidae,Bombus,griseocollis,,,,m,1
159,DP3,10:31,2025-07-28,6,Apidae,Bombus,griseocollis,,,,m,1
159,DP3,10:33,2025-07-28,6,Apidae,Bombus,griseocollis,,,,f,1
159,DP3,10:37,2025-07-28,6,Apidae,Bombus,rufocinctus,,,,f,1
159,DP3,10:40,2025-07-28,6,Megachilidae,Megachile,texana,,,,m,1
159,DP3,10:42,2025-07-28,6,Apidae,Bombus,rufocinctus,,,,f,1
159,DP3,10:44,2025-07-28,6,Apidae,Bombus,griseocollis,,,,m,1
159,DP3,10:46,2025-07-28,6,Apidae,Bombus,griseocollis,,,,m,1
159,DP3,10:47,2025-07-28,6,Apidae,Bombus,impatiens,,,,f,1
159,DP3,10:48,2025-07-28,6,Apidae,Bombus,griseocollis,,,,f,1
159,DP3,10:52,2025-07-28,6,Apidae,Bombus,griseocollis,,,,m,1
159,DP4,10:35,2025-07-28,8,Apidae,Melissodes,druriellus_,,,,f,1
162,GT2,11:21,2025-07-29,6,Apidae,Ceratina,calcarata,,,,f,1
162,GT2,11:21,2025-07-29,6,Apidae,Ceratina,mikmaqi,,,,f,1
100,GT2,11:34,2025-07-29,6,Apidae,Ceratina,calcarata,,,,f,1
160,GT2,11:46,2025-07-29,6,Apidae,Ceratina,dupla,,,,f,1
161,GT2,11:47,2025-07-29,6,Apidae,Ceratina,calcarata,,,,f,1
25,GT2,11:18,2025-07-29,6,Apidae,Bombus,bimaculatus,,,,m,1
112,GT2,11:21,2025-07-29,6,Apidae,Bombus,bimaculatus,,,1,m,1
161,GT1,11:21,2025-07-29,6,Apidae,Bombus,bimaculatus,,,1,m,1
161,GT2,11:27,2025-07-29,6,Apidae,Bombus,griseocollis,,,,m,1
112,GT2,11:30,2025-07-29,6,Halictidae,Halictus,ligatus,,,,f,1
112,GT2,11:33,2025-07-29,6,Apidae,Bombus,rufocinctus,,,,m,1
161,GT2,11:38,2025-07-29,6,Apidae,Bombus,bimaculatus,,,,f,1
160,GT2,11:39,2025-07-29,6,Halictidae,Halictus,ligatus,,,,f,1
161,GT2,11:40,2025-07-29,6,Apidae,Bombus,griseocollis,,,,m,1
161,GT2,11:46,2025-07-29,6,Apidae,Bombus,griseocollis,,,,m,1
25,DT3,15:16,2025-07-29,7,Apidae,Bombus,rufocinctus,,,,m,1
161,GT2,11:47,2025-07-29,6,Apidae,Bombus,rufocinctus,,,,m,1
161,GT2,11:18,2025-07-29,6,Apidae,Bombus,rufocinctus,,,,m,1
161,GT2,11:21,2025-07-29,6,Colletidae,Hylaeus,pictipes,,,,f,0
160,GT2,11:26,2025-07-29,6,Colletidae,Hylaeus,modestus,,,,1,1
161,GT2,11:45,2025-07-29,6,Colletidae,Hylaeus,hylanictus,,,,f,0
161,GT2,11:47,2025-07-29,6,Colletidae,Hylaeus,hylanictus,,,,f,0
134,DT3,15:14,2025-07-29,6,Colletidae,Hylaeus,punctatus,,,,m,0
134,DT3,15:15 1,2025-07-29,6,Colletidae,Hylaeus,punctatus,,,,,0
134,DT3,15:15 2,2025-07-29,6,Colletidae,Hylaeus,affinis,,,,f,1
134,DT3,15:25,2025-07-29,6,Colletidae,Hylaeus,punctatus,,,,m,0
134,DT3,15:27,2025-07-29,6,Colletidae,Hylaeus,hylanictus,,,,m,0
134,DT3,15:40,2025-07-29,6,Colletidae,Hylaeus,hylanictus,,,,m,0
159,DP3,10:32,28-07-2025,8,Apidae,Apis,mellifera,,,,f,0
112,GT2,11:31,29-07-2025,6,Halictidae,Halictus,ligatus,,,,f,1
161,GT2,11:25,29-07-2025,6,Halictidae,Augochlora,pura,,,,,1
160,GT2,11:35,29-07-2025,6,Halictidae,Halictus,ligatus,,,,,1
160,GT3,11:4f,29-07-2025,6,Halictidae,Halictus,ligatus,,,,f,1
112,GT2,11:25,29-07-2025,6,Halictidae,Halictus,ligatus,,,,f,1
112,GT2,11:30,29-07-2025,6,Halictidae,Halictus,ligatus,,,,,1
112,GT2,11:32,29-07-2025,6,Halictidae,Halictus,ligatus,,,,f,1
154,GT3,11:13,07-08-2025,7,Apidae,Xylocopa ,Virginica,,,,f,1
156,GT3,11:34,07-08-2025,7,Apidae,Xylocopa ,Virginica,,,,f,1
146,GT3,11:07,07-08-2025,7,Apidae,Ceratina,calcarata,,,,f,1
134,GP2,12:57,07-08-2025,7,Andrenidae,Perdita,octamculata,,,,f,1
160,GP2,12:54,07-08-2025,7,Apidae,Bombus,rufocinctus,,,,f,1
146,GT3,11:06,07-08-2025,7,Apidae,Bombus,griseocollis,,,,m,1
146,GT3,11:06,07-08-2025,7,Apidae,Bombus,griseocollis,,,,m,1
146,GT3,11:10,07-08-2025,7,Apidae,Bombus,impatiens,,,,m,1
160,GP2,13:16,07-08-2025,7,Apidae,Bombus,rufocinctus,,,,f,1
154,GT3,11:19,07-08-2025,7,Apidae,Bombus,griseocollis,,,,f,1
154,GT3,11:26,07-08-2025,7,Apidae,Bombus,griseocollis,,,,f,1
124,GP2,12:57,07-08-2025,7,Apidae,Bombus,bimaculatus,,,,m,1
124,GP2,13:02,07-08-2025,7,Apidae,Bombus,griseocollis,,,,m,1
160,GP2,13:07,07-08-2025,7,Apidae,Bombus,griseocollis,,,,m,1
160,GP2,13:09,07-08-2025,7,Apidae,Bombus,griseocollis,,,,m,1
160,GP2,13:17,07-08-2025,7,Apidae,Bombus,rufocinctus,,,,m,1
124,GP2,13:32,07-08-2025,7,Apidae,Bombus,griseocollis,,,*,m,1
134,GP2,12:58,07-08-2025,7,Colletidae,Hylaeus,hylanictus,,,,f,0
134,GP2,13:01,07-08-2025,7,Colletidae,Hylaeus,modestus,,,,f,1
134,GP2,13:02,07-08-2025,7,Colletidae,Hylaeus,modestus,,,,f,1
134,GP2,13:04,07-08-2025,7,Colletidae,Hylaeus,modestus,,,,f,1
134,GP2,13:03,07-08-2025,7,Colletidae,Hylaeus,modestus,,,,f,1
134,GP2,13:05,07-08-2025,7,Colletidae,Hylaeus,modestus,,,,f,1
134,GP2,13:06,07-08-2025,7,Colletidae,Hylaeus,modestus,,,,f,1
134,GP2,13:08,07-08-2025,7,Colletidae,Hylaeus,affinis,,,,f,1
134,GP2,13:09,07-08-2025,7,Colletidae,Hylaeus,modestus,,,,f,1
134,GP2,13:10,07-08-2025,7,Colletidae,Hylaeus,modestus,,,,f,1
134,GP2,13:11,07-08-2025,7,Colletidae,Hylaeus,modestus,,,,f,1
134,GP2,13:12,07-08-2025,7,Colletidae,Hylaeus,modestus,,,,f,1
134,GP2,13:15,07-08-2025,7,Colletidae,Hylaeus,modestus,,,,f,1
160,GP2,13:20,07-08-2025,7,Colletidae,Hylaeus,affinis,,,,f,1
134,GP2,13:18,07-08-2025,7,Colletidae,Hylaeus,modestus,,,,f,1
134,GP2,13:21 a,07-08-2025,7,Colletidae,Hylaeus,modestus,,,,f,1
134,GP2,13:21 b,07-08-2025,7,Colletidae,Hylaeus,modestus,,,,f,1
134,GT1,14:25 3,07-08-2025,7,Colletidae,Hylaeus,modestus,,,,f,1
134,GT1,14:25 4,07-08-2025,7,Colletidae,Hylaeus,mesillae,,,,f,1
134,GT1,14:31 a,07-08-2025,7,Colletidae,Hylaeus,modestus,,,,f,1
134,GT1,14:31 b,07-08-2025,7,Colletidae,Hylaeus,modestus,,,,f,1
134,GT1,14:35,07-08-2025,7,Halictidae,Lasioglossum,tegulare,,,,f,1
134,GT1,14:36,07-08-2025,7,Colletidae,Hylaeus,modestus,,,,f,1
134,GT1,14:25 5,07-08-2025,7,Colletidae,Hylaeus,modestus,,,,f,1
134,GT1,14:29,07-08-2025,7,Colletidae,Hylaeus,modestus,,,,m,1
134,GT1,14:33,07-08-2025,7,Colletidae,Hylaeus,,,,,,1
134,GT1,14:34,07-08-2025,7,Colletidae,Hylaeus,modestus,,,,m,1
134,GT1,14:36,07-08-2025,7,Colletidae,Hylaeus,modestus,,,,m,1
115,GT3,11:26,07-08-2025,7,Apidae,Apis,mellifera,,,,f,0
134,GT1,14:46 1,07-08-2025,7,Colletidae,Hylaeus,affinis,,,,m,1
134,GT1,14:46 2,07-08-2025,7,Colletidae,Hylaeus,,,,,,1
115,GP2,13:12,07-08-2025,7,Halictidae,Halictus,ligatus,,,,m,1
114,DP3,10:40 1,07-08-2025,7,Megachilidae,Megachile,,,,,,1
145,GT3,11:14,07-08-2025,7,Halictidae,Halictus,ligatus,,,,f,1
146,GT3,11:21,2025-08-07,7,Megachilidae,Megachile,frigida,,,,m,1
115,GT3,11:22a,07-08-2025,7,Halictidae,Halictus,ligatus,,,,f,1
154,GT3,11:34,07-08-2025,7,Halictidae,Halictus,ligatus,,,,f,1
115,GT3,11:35,07-08-2025,7,Halictidae,Halictus,ligatus,,,,f,1
115,GT3,11:25,07-08-2025,7,Halictidae,Halictus,ligatus,,,,f,1
5,GT1,14:18,07-08-2025,7,Halictidae,Halictus,confusus,,,,m,1
104,DT1,12:14,07-08-2025,7,Halictidae,Lasioglossum,Dialictus_spp,,,,m,1
55,GT1,14:43,07-08-2025,7,Megachilidae,Anthidium,oblongatum,,,,m,0
55,DT2,14:53,07-08-2025,7,Megachilidae,Anthidium,oblongatum,,,,m,0
160,GP2,13:15,07-08-2025,7,Apidae,Apis,mellifera,,,,f,0
160,GP2,13:17,07-08-2025,7,Apidae,Apis,mellifera,,,,f,0
156,GT3,11:13,07-08-2025,7,Halictidae,Lasioglossum,Dialictus_spp,,,,m,1
5,WT4,11:48,08-08-2025,7,Colletidae,Hylaeus,affinis,,,,f,1
5,WT4,11:50,08-08-2025,7,Colletidae,Hylaeus,affinis,,,,m,1
5,WT4,11:54,08-08-2025,7,Colletidae,Hylaeus,affinis,,,,f,1
5,WT4,12:08,08-08-2025,7,Colletidae,Hylaeus,affinis,,,,f,1
5,WT4,11:49,08-08-2025,7,Halictidae,Halictus,confusus,,,,f,1
114,DP3,11:03,12-08-2025,7,Colletidae,Hylaeus,punctatus,,,,f,0
163,DP3,10:40 2,12-08-2025,7,Megachilidae,Megachile,latimanus,,,,f,1
114,DP3,10:49 b,12-08-2025,7,Megachilidae,Megachile,rotundata,,,,f,0
114,DP3,10:57,12-08-2025,7,Megachilidae,Megachile,rotundata,,,,m,0
114,DP3,10:59 2,12-08-2025,7,Megachilidae,Megachile,rotundata,,,,m,0
114,DP3,11:02,12-08-2025,7,Megachilidae,Megachile,rotundata,,,,m,0
169,DP2,15:29,12-08-2025,7,Megachilidae,Megachile,brevis,,,,f,1
134,GT1,14:25 2,12-08-2025,7,Megachilidae,Anthidium,oblongatum,,,,f,0
114,DP3,10:44,12-08-2025,7,Halictidae,Halictus,ligatus,,,,f,1
114,DP3,10:59 B,12-08-2025,7,Apidae,Apis,mellifera,,,,f,0
114,DP3,10:51,12-08-2025,7,Halictidae,Halictus,ligatus,,,,f,1
114,GP2,10:34,12-08-2025,7,Apidae,Bombus,bimaculatus,,,b,f,1
114,GP2,10:34,12-08-2025,7,Apidae,Bombus,griseocollis,,,,m,1
114,DP3,10:35,12-08-2025,7,Megachilidae,Megachile,rotundata,,,b,f,0
163,DP3,10:38,12-08-2025,7,Apidae,Bombus,griseocollis,,,,f,1
163,DP3,10:44,12-08-2025,7,Apidae,Bombus,griseocollis,,,,f,1
114,DP3,10:47,12-08-2025,7,Apidae,Bombus,griseocollis,,,,m,1
163,DP3,10:47,12-08-2025,7,Apidae,Bombus,griseocollis,,,,f,1
114,DP3,10:49,12-08-2025,7,Apidae,Bombus,griseocollis,,,a,f,1
114,DP3,10:54,12-08-2025,7,Apidae,Bombus,impatiens,,,,f,1
114,DP3,10:56,12-08-2025,7,Apidae,Bombus,rufocinctus,,,,f,1
163,DP3,10:57,12-08-2025,7,Apidae,Bombus,griseocollis,,,,m,1
169,DP2,15:27,15-08-2025,7,Apidae,Apis,mellifera,,,,f,0
169,DP2,15:45,15-08-2025,7,Apidae,Apis,mellifera,,,,f,0
169,DP2,15:45,15-08-2025,7,Apidae,Apis,mellifera,,,,f,0
164,GT2,10:32,15-08-2025,7,Apidae,Bombus,griseocollis,,,,m,1
169,DP2,15:19,15-08-2025,7,Apidae,Bombus,impatiens,,,,f,1
169,DP2,15:21,15-08-2025,7,Apidae,Bombus,impatiens,,,,f,1
169,DP2,15:33,15-08-2025,7,Apidae,Bombus,griseocollis,,,,m,1
169,DP2,15:38,15-08-2025,7,Apidae,Bombus,griseocollis,,,,m,1
169,DP2,15:45,15-08-2025,7,Apidae,Bombus,rufocinctus,,,,f,1
164,GT2,10:35,15-08-2025,7,Colletidae,Hylaeus,hylanictus,,,,f,0
164,GT2,10:47,15-08-2025,7,Colletidae,Hylaeus,hylanictus,,,,f,0
164,GT2,10:52,15-08-2025,7,Colletidae,Hylaeus,modestus,,,,f,1
164,GT2,10:53,15-08-2025,7,Colletidae,Hylaeus,affinis,,,,f,1
164,GT2,11:03,15-08-2025,7,Colletidae,Hylaeus,affinis,,,,f,1
134,DT2,14:33,15-08-2025,7,Colletidae,Hylaeus,punctatus,,,,f,0
134,DT2,14:34 2,15-08-2025,7,Colletidae,Hylaeus,pictipes,,,,m,0
134,DT2,14:37,15-08-2025,7,Colletidae,Hylaeus,punctatus,,,,f,0
134,DT2,14:40,15-08-2025,7,Colletidae,Hylaeus,punctatus,,,,f,0
134,DT2,14:42,15-08-2025,7,Colletidae,Hylaeus,pictipes,,,,f,0
134,DT2,14:47 1,15-08-2025,7,Colletidae,Hylaeus,punctatus,,,,f,0
134,DT2,14:47 2,15-08-2025,7,Colletidae,Hylaeus,punctatus,,,,f,0
134,DT2,14:52,15-08-2025,7,Colletidae,Hylaeus,punctatus,,,,f,0
134,DT2,14:55,15-08-2025,7,Colletidae,Hylaeus,punctatus,,,,f,0
102,DT2,14:51,15-08-2025,7,Halictidae,Augochlorella,aurata,,,,m,1
164,GT2,10:55,15-08-2025,7,Halictidae,Halictus,ligatus,,,,f,1
55,GT1,14:40,15-08-2025,7,Megachilidae,Anthidium,oblongatum,,,,f,0
134,DT2,14:32,15-08-2025,7,Halictidae,Halictus,confusus,,,,m,1
102,DT2,14:51,15-08-2025,7,Halictidae,Lasioglossum,Dialictus_spp,,,,m,1
164,GT2,10:37,15-08-2025,7,Halictidae,Lasioglossum,anomalum,,,,f,1
134,DT2,14:29,15-08-2025,7,Halictidae,Halictus,ligatus,,,,m,1
134,DT2,14:41,15-08-2025,7,Halictidae,Halictus,ligatus,,,,m,1
25,GT2,10:37,15-08-2025,7,Halictidae,Agapostemon,sericeus,,,,m,1
170,DP2,15:29,15-08-2025,7,Halictidae,Agapostemon,virescens,,,,m,1
167,DP2,15:20,15-08-2025,7,Halictidae,Agapostemon,virescens,,,,m,1
169,DP2,15:25,15-08-2025,7,Halictidae,Agapostemon,virescens,,,,m,1
169,DP2,15:35,15-08-2025,7,Halictidae,Agapostemon,virescens,,,,m,1
169,DP2,15:36,2025-08-15,7,Halictidae ,Agapostemon,virescens,,,,m,1
169,DP2,15:39,2025-08-15,7,Halictidae ,Agapostemon,virescens,,,,m,1
169,DP2,15:42,15-08-2025,7,Halictidae,Agapostemon,virescens,,,,m,1
169,DP2,15:46,15-08-2025,7,Halictidae,Agapostemon,virescens,,,,m,1
25,GT2,10:43,15-08-2025,7,Apidae,Ceratina,calcarata,,,,f,1
175,WT3,15:57,17-08-2025,7,Halictidae,Augochlorella ,,,,,,1
174,WP3,14:52,18-08-2025,7,Apidae,Melissodes,illatus_,,,,m,1
174,WP3,15:08,18-08-2025,7,Apidae,Melissodes,illatus_,,,,m,1
174,WP3,14:50,18-08-2025,7,Apidae,Melissodes,druriellus_,,,b,m,1
175,WT3,16:12,18-08-2025,7,Apidae,Melissodes,apicatus_,,,,m,1
175,WT3,16:07,18-08-2025,7,Apidae,Melissodes,apicatus_,,,,m,1
175,WT3,15:55,18-08-2025,7,Apidae,Melissodes,apicatus_,,,,m,1
175,WT3,15:47,18-08-2025,7,Apidae,Melissodes,apicatus_,,,,m,1
175,WT3,15:50,18-08-2025,7,Apidae,Melissodes,apicatus_,,,1,m,1
17,WP3,15:08,18-08-2025,7,Halictidae,Halictus,ligatus,,,,f,1
174,WP3,15:16a,18-08-2025,7,Halictidae,Halictus,ligatus,,,,f,1
174,WP3,14:49,18-08-2025,7,Halictidae,Halictus,ligatus,,,,m,1
174,WP3,14:56 b,18-08-2025,7,Halictidae,Halictus,ligatus,,,,m,1
174,WP3,14:57 b,18-08-2025,7,Halictidae,Halictus,ligatus,,,,m,1
174,WP3,14:50 d,18-08-2025,7,Halictidae,Halictus,ligatus,,,,m,1
175,WT3,16:00,18-08-2025,7,Colletidae,Hylaeus,punctatus,,,,m,0
175,WT3,16:04,18-08-2025,7,Colletidae,Hylaeus,punctatus,,,,m,0
174,WP3,15:18,18-08-2025,7,Halictidae,Halictus,confusus,,,,m,1
174,WP3,14:57 a,18-08-2025,7,Halictidae,Halictus,ligatus,,,,m,1
174,WP3,14:52,18-08-2025,7,Halictidae,Halictus,ligatus,,,,m,1
174,WP3,14:56 c,18-08-2025,7,Halictidae,Halictus,ligatus,,,,m,1
173,WP3,14:57 d,18-08-2025,7,Halictidae,Halictus,ligatus,,,,m,1
174,WP3,14:59 a,18-08-2025,7,Halictidae,Halictus,confusus,,,,m,1
174,WP3,14:59 b,18-08-2025,7,Halictidae,Halictus,ligatus,,,,m,1
174,WP3,15:02,18-08-2025,7,Halictidae,Halictus,ligatus,,,,m,1
175,WT3,16:09,18-08-2025,7,Halictidae,Lasioglossum,Dialictus_spp,,,,m,1
175,WT3,16:10,18-08-2025,7,Halictidae,Lasioglossum,Dialictus_spp,,,,m,1
175,WT3,15:56,18-08-2025,7,Halictidae,Lasioglossum,Dialictus_spp,,,1,m,1
175,WT3,15:59,18-08-2025,7,Halictidae,Lasioglossum,imitatum,,,,m,1
175,WT3,16:02,18-08-2025,7,Halictidae,Lasioglossum,Dialictus_spp,,,2,m,1
175,WT3,15:52,18-08-2025,7,Halictidae,Lasioglossum,imitatum,,,2,,1
175,WT3,15:52,18-08-2025,7,Halictidae,Lasioglossum,Dialictus_spp,,,1,m,1
175,WT3,16:08,18-08-2025,7,Halictidae,Lasioglossum,lineatulum,,,,m,1
174,WP3,15:16 b,18-08-2025,7,Halictidae,Halictus,confusus,,,,m,1
174,WP3,14:51 b,18-08-2025,7,Halictidae,Halictus,confusus,,,,m,1
174,WP3,14:51 a,18-08-2025,7,Halictidae,Halictus,confusus,,,,m,1
174,WP3,15:07,18-08-2025,7,Halictidae,Halictus,ligatus,,,,m,1
174,WP3,15:08,18-08-2025,7,Halictidae,Halictus,ligatus,,,,m,1
174,WP3,15:03,18-08-2025,7,Halictidae,Halictus,ligatus,,,,m,1
115,GT3,11:22 b,07-08-2025,7,Halictidae,Halictus,confusus,,,,m,1
174,WP3,14:56 a,18-08-2025,7,Halictidae,Halictus,spp,,,,m,1
174,WP3,15:14 a,18-08-2025,7,Halictidae,Halictus,ligatus,,,,m,1
174,WP3,15:14 b,18-08-2025,7,Halictidae,Halictus,ligatus,,,,m,1
174,WP3,15:17,18-08-2025,7,Halictidae,Halictus,ligatus,,,,m,1
175,WT3,15:56 2,18-08-2025,7,Halictidae,Lasioglossum,spp,,,,,1
175,WT3,15:50,18-08-2025,7,Halictidae,Lasioglossum,Dialictus_spp,,,2,m,1
175,WT3,15:45,18-08-2025,7,Halictidae,Lasioglossum,Dialictus_spp,,,,m,1
164,WP3,15:18,18-08-2025,7,Apidae,Apis,mellifera,,,,f,0
175,WT3,15:43,18-08-2025,7,Apidae,Apis,mellifera,,,,f,0
175,WT3,15:43,18-08-2025,7,Halictidae,Lasioglossum,imitatum,,,,f,1
172,WP3,14:58,18-08-2025,7,Apidae,Bombus,griseocollis,,,,m,1
146,WP3,15:04,18-08-2025,7,Apidae,Bombus,griseocollis,,,,m,1
174,WP3,14:52,18-08-2025,7,Halictidae,Lasioglossum,Dialictus_spp,,,,m,1
175,WT3,15:48,18-08-2025,7,Halictidae,Lasioglossum,imitatum,,,,m,1
175,WT3,15:57,18-08-2025,7,Halictidae,Augochlorella,aurata,,,,f,1
23,WT3,16:30,18-08-2025,7,Halictidae,Augochlorella,aurata,,,,f,1
114,DP3,09:13,2025-08-21,8,Megachilidae,Megachile,mendica,,,1,m,1
114,DP3,9:24,21-08-2025,8,Halictidae,Agapostemon,sericeus,,,,m,1
169,DP3,9:33,21-08-2025,8,Halictidae,Agapostemon,sericeus,,,,m,1
114,DP3,9:37,21-08-2025,8,Halictidae,Agapostemon,sericeus,,,,m,1
48,DT3,13:04,21-08-2025,8,Halictidae,Agapostemon,sericeus,,,,m,1
169,DP2,13:55 1,21-08-2025,8,Halictidae,Agapostemon,virescens,,,,m,1
169,DP2,14:03,21-08-2025,8,Halictidae,Agapostemon,virescens,,,,m,1
169,DP2,14:09 1,21-08-2025,8,Halictidae,Agapostemon,virescens,,,,m,1
169,DP2,13:55 2,21-08-2025,8,Halictidae,Agapostemon,virescens,,,,m,1
169,DP2,14:09 2,21-08-2025,8,Halictidae,Agapostemon,virescens,,,,m,1
169,DP2,14:11,21-08-2025,8,Halictidae,Agapostemon,virescens,,,,m,1
172,WP3,9:55 2,21-08-2025,8,Megachilidae,Megachile,texana,,,,m,1
170,WP3,10:02,21-08-2025,8,Megachilidae,Megachile,latimanus,,,,m,1
28,WT3,10:31 1,21-08-2025,8,Halictidae,Lasioglossum,Dialictus_spp,,,1,m,1
28,WT3,10:36,21-08-2025,8,Halictidae,Lasioglossum,Dialictus_spp,,,4,m,1
160,DT1,11:04,21-08-2025,8,Halictidae,Lasioglossum,Dialictus_spp,,,,m,1
176,WP3,10:00,21-08-2025,8,Halictidae,Lasioglossum,Dialictus_spp,,,2,m,1
160,DT1,11:15,21-08-2025,8,Halictidae,lasioglossum,Dialictus_spp,,,,m,1
160,DT1,11:22,21-08-2025,8,Halictidae,Lasioglossum,Dialictus_spp,,,,m,1
160,GP3,11:27,21-08-2025,8,Halictidae,Lasioglossum,Dialictus_spp,,,,m,1
134,DT2,15:31,21-08-2025,8,Halictidae,Lasioglossum,Dialictus_spp,,,,m,1
160,DT1,11:00,21-08-2025,8,Halictidae,Lasioglossum,Dialictus_spp,,,,m,1
176,WP3,10:04,22-08-2025,8,Halictidae,Augochlorella,aurata,,,,m,1
176,WP3,10:04,22-08-2025,8,Halictidae,Halictus,ligatus,,,,f,1
160,DT1,11:03,21-08-2025,8,Halictidae,Lasioglossum,Dialictus_spp,,,,m,1
170,DP2,13:58,21-08-2025,8,Halictidae,Halictus,ligatus,,,,m,1
170,DP2,14:11 2,21-08-2025,8,Halictidae,Halictus,ligatus,,,,m,1
160,DT1,11:08,21-08-2025,8,Halictidae,Halictus,ligatus,,,,m,1
169,DP2,14:21,21-08-2025,8,Halictidae,Halictus,ligatus,,,,m,1
172,WP3,9:51,21-08-2025,8,Halictidae,Halictus,ligatus,,,,m,1
169,DP2,14:14 1,21-08-2025,8,Halictidae,Agapostemon,virescens,,,,m,1
169,DP2,14:14 2,21-08-2025,8,Halictidae,Agapostemon,virescens,,,,m,1
170,DP2,14:15,21-08-2025,8,Halictidae,Agapostemon,virescens,,,,m,1
169,DP2,14:16,21-08-2025,8,Halictidae,Agapostemon,virescens,,,,m,1
169,DP2,14:17,21-08-2025,8,Halictidae,Agapostemon,virescens,,,,m,1
169,DP2,14:22,21-08-2025,8,Halictidae,Agapostemon,virescens,,,,m,1
171,DT2,15:46,21-08-2025,8,Halictidae,Agapostemon,virescens,,,,m,1
160,DT1,11:01,21-08-2025,8,Colletidae,Hylaeus,punctatus,,,,m,0
160,DT1,11:18,21-08-2025,8,Colletidae,Hylaeus,punctatus,,,,m,0
160,DT1,11:19,2025-08-21,8,Halictidae,Lasioglossum,Dialictus_spp,,,,m,1
160,DT1,11:29,21-08-2025,8,Colletidae,Hylaeus,punctatus,,,,f,0
160,DT1,11:00,21-08-2025,8,Colletidae,Hylaeus,mesillae,,,,f,1
124,DP3,9:10,21-08-2025,8,Apidae,Bombus,impatiens,,,,f,1
114,DP3,9:10,21-08-2025,8,Apidae,Bombus,griseocollis,,,,f,1
114,DP3,9:12,21-08-2025,8,Apidae,Bombus,griseocollis,,,,m,1
114,DP3,9:13,21-08-2025,8,Apidae,Bombus,bimaculatus,,,2,f,1
114,DP3,9:15,21-08-2025,8,Apidae,Bombus,impatiens,,,,f,1
114,DP3,9:16,21-08-2025,8,Apidae,Bombus,impatiens,,,,f,1
169,DP3,9:18,21-08-2025,8,Apidae,Bombus,griseocollis,,,,m,1
114,DP3,9:21,21-08-2025,8,Apidae,Bombus,bimaculatus,,,2,f,1
114,DP3,9:21,21-08-2025,8,Halictidae,Lasioglossum,Dialictus_spp,,,1,m,1
114,DP3,9:23,21-08-2025,8,Apidae,Bombus,griseocollis,,,,f,1
114,DP3,9:25,21-08-2025,8,Apidae,Bombus,impatiens,,,,f,1
114,DP3,9:34,21-08-2025,8,Apidae,Bombus,impatiens,,,,f,1
114,DP3,9:34,21-08-2025,8,Apidae,Bombus,griseocollis,,,,m,1
114,DP3,9:36,21-08-2025,8,Apidae,Bombus,impatiens,,,,f,1
114,DP3,9:37 1,2025-08-21,8,Megachilidae,Megachile,mendica,,,,m,1
170,DP2,13:57,21-08-2025,8,Halictidae,Halictus,ligatus,,,,f,1
169,DP2,13:59,21-08-2025,8,Apidae,Bombus,impatiens,,,,f,1
169,DP2,14:02,21-08-2025,8,Apidae,Bombus,impatiens,,,,f,1
169,DP2,14:07,21-08-2025,8,Apidae,Bombus,impatiens,,,,f,1
169,DP2,14:17,21-08-2025,8,Apidae,Bombus,griseocollis,,,,f,1
114,DP3,9:19,21-08-2025,8,Apidae,Apis,mellifera,,,,f,0
169,DP3,9:30,21-08-2025,8,Apidae,Apis,mellifera,,,,f,0
134,DT2,15:17 a,21-08-2025,8,Apidae,Apis,mellifera,,,,f,0
134,DT2,15:17 b,21-08-2025,8,Apidae,Apis,mellifera,,,,f,0
28,WT3,10:36,22-08-2025,8,Halictidae,Lasioglossum,Dialictus_spp,,,3,m,1
28,WT3,10:36,22-08-2025,8,Halictidae,Lasioglossum,imitatum,,,4,f,1
28,WT3,10:48,22-08-2025,8,Apidae,Melissodes,apicatus_,,,,m,1
28,WP3,10:33,22-08-2025,8,Apidae,Melissodes,apicatus_,,,,m,1
28,WT3,10:27,22-08-2025,8,Apidae,Ceratina,calcarata,,,,f,1
28,WT3,10:56,22-08-2025,8,Apidae,Melissodes,trinodis_druriellus_,,,,m,1
176,WP3,9:49,22-08-2025,8,Colletidae,Hylaeus,leptocephalus,,,,m,0
28,WT3,10:40 2,22-08-2025,8,Halictidae,Lasioglossum,imitatum,,,2,f,1
28,WT3,10:29,22-08-2025,8,Colletidae,Hylaeus,hylanictus,,,,f,0
28,WT3,10:31 2,22-08-2025,8,Colletidae,Hylaeus,punctatus,,,,m,0
28,WT3,10:31 1,22-08-2025,8,Halictidae,Lasioglossum,imitatum,,,,f,1
28,WT3,10:36 1,22-08-2025,8,Colletidae,Hylaeus,punctatus,,,,f,0
28,WT3,10:39,22-08-2025,8,Colletidae,Hylaeus,punctatus,,,,f,0
28,WT3,10:43,22-08-2025,8,Colletidae,Hylaeus,punctatus,,,,m,0
28,WT3,10:50 1,22-08-2025,8,Colletidae,Hylaeus,punctatus,,,,f,0
28,WT3,10:50 2,22-08-2025,8,Colletidae,Hylaeus,punctatus,,,,f,1
28,WT3,10:53,22-08-2025,8,Colletidae,Hylaeus,punctatus,,,,m,0
28,WT3,10:55 1,22-08-2025,8,Colletidae,Hylaeus,punctatus,,,,m,0
28,WT3,10:55 3,22-08-2025,8,Colletidae,Hylaeus,punctatus,,,,m,0
28,WT3,10:55 4,22-08-2025,8,Colletidae,Hylaeus,punctatus,,,,m,0
5,WT4,12:09,22-08-2025,8,Colletidae,Hylaeus,affinis,,,,f,1
5,WT4,12:20,22-08-2025,8,Colletidae,Hylaeus,affinis,,,,f,1
5,WT4,12:24,22-08-2025,8,Colletidae,Hylaeus,affinis,,,,f,1
28,WT4,12:26,22-08-2025,8,Colletidae,Hylaeus,affinis,,,,f,1
5,WT4,12:30,22-08-2025,8,Colletidae,Hylaeus,affinis,,,,f,1
172,WP3,9:57,22-08-2025,8,Halictidae,Agapostemon,virescens,,,,m,1
176,WP3,10:00,22-08-2025,8,Halictidae,Agapostemon,sericeus,,,,m,1
176,WP3,10:06,22-08-2025,8,Halictidae,Agapostemon,sericeus,,,,m,1
176,WP3,10:06 1,22-08-2025,8,Halictidae,Halictidae,ligatus,,,,f,1
170,WP3,10:09,22-08-2025,8,Halictidae,Agapostemon,virescens,,,,m,1
172,WP3,10:09,22-08-2025,8,Halictidae,Agapostemon,virescens,,,,m,1
172,WP3,10:11,22-08-2025,8,Halictidae,Agapostemon,virescens,,,,m,1
172,WP3,10:14,22-08-2025,8,Halictidae,Agapostemon,virescens,,,,m,1
176,WP3,10:13,22-08-2025,8,Halictidae,Agapostemon,virescens,,,,m,1
5,WT4,12:05,22-08-2025,8,Halictidae,Agapostemon,virescens,,,,m,1
48,DT3,14:08,22-08-2025,8,Halictidae,Agapostemon,sericeus,,,,m,1
25,DT3,14:15,22-08-2025,8,Halictidae,Agapostemon,virescens,,,,m,1
25,DT3,14:18,22-08-2025,8,Halictidae,Agapostemon,virescens,,,,m,1
160,GT2,10:11,22-08-2025,8,Halictidae,Agapostemon,virescens,,,,m,1
160,DT1,11:13,22-08-2025,8,Halictidae,Lasioglossum,Dialictus_spp,,,,m,1
28,WT3,10:38,22-08-2025,8,Halictidae,Halictus,ligatus,,,,f,1
170,WP3,10:16,22-08-2025,8,Halictidae,Halictus,ligatus,,,,f,1
172,WP3,09:54,22-08-2025,8,Halictidae,Halictus,ligatus,,,,f,1
176,WP3,09:47,22-08-2025,8,Halictidae,Halictus,confusus,,,,m,1
114,DP3,09:28,22-08-2025,8,Halictidae,Halictus,confusus,,,,m,1
172,WP3,09:53,22-08-2025,8,Halictidae,Halictus,ligatus,,,,m,1
176,WP3,10:05,22-08-2025,8,Halictidae,Halictus,ligatus,,,,m,1
170,WP3,10:12,22-08-2025,8,Halictidae,Halictus,ligatus,,,,m,1
28,WT3,10:30,22-08-2025,8,Halictidae,Halictus,ligatus,,,,m,1
28,WT3,10:34,22-08-2025,8,Halictidae,Halictus,ligatus,,,,m,1
28,WT3,10:49,22-08-2025,8,Halictidae,Halictus,ligatus,,,,m,1
28,WT3,10:52,22-08-2025,8,Halictidae,Halictus,ligatus,,,,m,1
28,WT3,10:55 5,22-08-2025,8,Halictidae,Halictus,ligatus,,,,m,1
5,WT4,12:23,22-08-2025,8,Halictidae,Halictus,ligatus,,,,m,1
28,WT3,10:36,22-08-2025,8,Halictidae,Lasioglossum,Dialictus_spp,,,2,m,1
28,WT3,10:55,22-08-2025,8,Halictidae,Lasioglossum,imitatum,,,2,m,1
28,WT3,10:40,22-08-2025,8,Halictidae,Lasioglossum,Dialictus_spp,,,1,m,1
28,WT3,10:40,22-08-2025,8,Halictidae,Lasioglossum,imitatum,,,2,f,1
28,WT3,10:44,22-08-2025,8,Halictidae,Lasioglossum,lionotus,,,,f,1
5,WT4,12:05,22-08-2025,8,Halictidae,Lasioglossum,leucozonium,,,,m,0
175,WT3,15:43,22-08-2025,8,Halictidae,Lasioglossum,Dialictus_spp,,,,m,1
175,WT3,16:02,22-08-2025,8,Halictidae,Lasioglossum,Dialictus_spp,,,1,m,1
174,GP3,11:35,22-08-2025,8,Megachilidae,Megachile,pusilla,,,,f,1
174,GP3,11:12,22-08-2025,8,Megachilidae,Coelioxys,,,,,m,1
5,WT4,12:07,22-08-2025,8,Halictidae,Lasioglossum,leucozonium,,,,m,0
183,DP2,10:13,22-08-2025,9,Halictidae,Agapostemon,virescens,,,,m,1
176,WP3,9:47,22-08-2025,8,Apidae,Apis,mellifera,,,,f,0
176,WP3,9:50,22-08-2025,8,Apidae,Apis,mellifera,,,,f,0
172,WP3,9:53,22-08-2025,8,Apidae,Apis,mellifera,,,,f,0
176,WP3,9:59,22-08-2025,8,Apidae,Xylocopa,virginica,,,,,1
172,WP3,9:55,22-08-2025,8,Apidae,Bombus,griseocollis,,,1,f,1
5,WT4,12:10,22-08-2025,8,Halictidae,Lasioglossum,leucozonium,,,,m,0
174,GP3,11:14 2,27-08-2025,8,Apidae,Ceratina,mikmaqi,,,,f,1
174,GP3,11:30,27-08-2025,8,Apidae,Ceratina,dupla,,,,f,1
174,GP3,11:32,27-08-2025,8,Apidae,Ceratina,mikmaqi,,,,f,1
160,GT2,10:33,27-08-2025,8,Apidae,Melissodes,illatus_,,,,m,1
174,GP3,11:06,27-08-2025,8,Megachilidae,Heriades,leavitti,,,,f,1
174,GP3,11:16,27-08-2025,8,Apidae,Melissodes,illatus_,,,1,m,1
174,GP3,11:22,27-08-2025,8,Apidae,Melissodes,trinodis_druriellus_,,,,f,1
174,GP3,11:33,27-08-2025,8,Apidae,Melissodes,trinodis_druriellus_,,,1,m,1
174,GP3,11:33,27-08-2025,8,Apidae,Melissodes,illatus_,,,b,m,1
174,GP3,11:34,27-08-2025,8,Apidae,Melissodes,trinodis_druriellus_,,,,m,1
160,GT2,10:12,27-08-2025,8,Apidae,Melissodes,trinodis_druriellus_,,,,m,1
112,GT2,10:19,27-08-2025,8,Apidae,Melissodes,illatus_,,,,m,1
160,GT2,10:31,27-08-2025,8,Colletidae,Hylaeus,affinis,,,,f,1
160,GT2,10:38,27-08-2025,8,Colletidae,Hylaeus,affinis,,,,f,1
174,GP3,11:07,27-08-2025,8,Colletidae,Hylaeus,affinis,,,,f,1
134,GP3,11:23,27-08-2025,8,Colletidae,Hylaeus,modestus,,,,f,1
94,GT3,13:27 2,27-08-2025,8,Colletidae,Hylaeus,affinis,,,,f,1
94,GT3,13:42,27-08-2025,8,Colletidae,Hylaeus,hylanictus,,,,f,0
174,GP3,11:15,27-08-25,9,Halictidae,Agapostemon,sericeus,,,,f,1
146,GT3,13:45,27-08-2025,8,Halictidae,Agapostemon,virescens,,,,m,1
28,WT3,10:37,27-08-2025,8,Halictidae,Halictus,ligatus,,,,f,1
174,GP3,11:13,27-08-2025,8,Megachilidae,Heriades,leavitti,,,,f,1
174,GP3,11:14 1,27-08-2025,8,Megachilidae,Hariades,leavitti,,,,f,1
174,GP3,11:16 2,27-08-2025,8,Megachilidae,Hariades,leavitti,,,,f,1
165,GT2,10:14,27-08-2025,8,Apidae,Apis,mellifera,,,,f,0
94,GT3,13:18,27-08-2025,8,Apidae,Apis,mellifera,,,,f,0
94,GT3,13:22,27-08-2025,8,Apidae,Apis,mellifera,,,,f,0
94,GT3,13:26,27-08-2025,8,Apidae,Apis,mellifera,,,,f,0
28,WT3,10:44,27-08-2025,8,Halictidae,Lasioglossum,Dialictus_spp,,,,m,1
160,GT2,10:35,27-08-2025,8,Apidae,Melissodes,boltoniae_,,,,f,1
160,GP3,11:21,27-08-2025,8,Apidae,Melissodes,boltoniae_,,,,f,1
160,GP3,11:27,27-08-2025,8,Halictidae,Lasioglossum,lineatulum,,,,m,1
160,GT2,10:22,27-08-2025,8,Apidae,Bombus,impatiens,,,,f,1
182,GT2,10:29,27-08-2025,8,Apidae,Bombus,impatiens,,,,f,1
165,GT2,10:38,27-08-2025,8,Apidae,Bombus,impatiens,,,,f,1
174,GP3,11:10,27-08-2025,8,Apidae,Bombus,griseocollis,,,,m,1
174,GP3,11:25,27-08-2025,8,Apidae,Bombus,rufocinctus,,,,m,1
174,GP3,11:28,27-08-2025,8,Apidae,Bombus,impatiens,,,,f,1
146,GT3,13:18,27-08-2025,8,Apidae,Bombus,griseocollis,,,,m,1
146,GT3,13:20,27-08-2025,8,Apidae,Bombus,impatiens,,,,f,1
94,GT3,13:25,27-08-2025,8,Apidae,Bombus,citrinus,,,,m,1
94,GT3,13:26,27-08-2025,8,Apidae,Bombus,impatiens,,,,f,1
94,GT3,13:29,27-08-2025,8,Apidae,Bombus,impatiens,,,,f,1
94,GT3,13:30,27-08-2025,8,Apidae,Bombus,impatiens,,,,f,1
94,GT3,13:31,27-08-2025,8,Apidae,Bombus,bimaculatus,,,,m,1
94,GT3,13:41,27-08-2025,8,Apidae,Bombus,impatiens,,,,f,1
94,GT3,13:27,27-08-2025,8,Apidae,Apis,mellifera,,,,f,0
158,DP3,10:23,27-08-2025,8,Apidae,Apis,mellifera,,,,f,0
160,GP3,11:17,27-08-2025,8,Colletidae,Colletes,simulans,,,,f,1
160,GT2,10:29,27-08-2025,8,Apidae,Melissodes,apicatus_,,,,m,1
160,GT2,10:25,27-08-2025,8,Apidae,Melissodes,apicatus_,,,,m,1
160,GT2,10:13,27-08-2025,8,Apidae,Melissodes,apicatus_,,,,m,1
106,DT2,11:34,30-08-2025,9,Halictidae,Agapostemon,virescens,,,,m,1
106,DT2,11:49,30-08-2025,9,Halictidae,Agapostemon,virescens,,,,m,1
185,DT2,11:52,30-08-2025,9,Halictidae,Agapostemon,virescens,,,,m,1
183,DP2,9:59,30-08-2025,9,Halictidae,Halictus,ligatus,,,,f,1
183,DP2,10:05,30-08-2025,9,Halictidae,Halictus,ligatus,,,,f,1
183,DP2,10:11,30-08-2025,9,Halictidae,Halictus,ligatus,,,1,f,1
183,DP2,10:11,30-08-2025,9,Apidae,Melissodes,illatus_,,,2,m,1
183,DP2,10:14,30-08-2025,10,Apidae,Melissodes,trinodis_,,,,m,1
183,DP2,10:17,30-08-2025,9,Halictidae,Agapostemon,virescens,,,,m,1
183,DP2,10:18,30-08-2025,9,Halictidae,Halictus,ligatus,,,,f,1
183,DP2,10:21,30-08-2025,9,Halictidae,Halictus,ligatus,,,,f,1
183,DP2,10:25,30-08-2025,9,Halictidae,Halictus,ligatus,,,,f,1
106,DT2,11:35,30-08-2025,9,Halictidae,Lasioglossum,Dialictus_spp,,,,m,1
134,DT2,11:40,30-08-2025,9,Halictidae,Lasioglossum,zaphyrus,,,,f,1
183,DP2,9:56,30-08-2025,9,Apidae,Apis,mellifera,,,,f,0
183,DP2,9:59,30-08-2025,9,Apidae,Apis,mellifera,,,,f,0
183,DP2,9:59,30-08-2025,9,Apidae,Apis,mellifera,,,,f,0
183,DP2,10:03,30-08-2025,9,Apidae,Apis,mellifera,,,,f,0
183,DP2,10:05,30-08-2025,9,Apidae,Apis,mellifera,,,,f,0
183,DP2,10:20,30-08-2025,9,Apidae,Apis,mellifera,,,,f,0
183,DP2,10:21,30-08-2025,9,Apidae,Apis,mellifera,,,,f,0
185,DT2,11:35,30-08-2025,9,Apidae,Apis,mellifera,,,,f,0
135,DP4,13:22,30-08-2025,9,Apidae,Apis,mellifera,,,2,f,0
135,DP4,13:30,30-08-2025,9,Apidae,Apis,mellifera,,,,f,0
135,DP4,13:37,30-08-2025,9,Apidae,Apis,mellifera,,,,f,0
135,DP4,13:42,30-08-2025,9,Apidae,Melissodes,druriellus_,,,1,f,1
183,DP2,9:57,30-08-2025,9,Apidae,Bombus,impatiens,,,,f,1
183,DP2,10:00,30-08-2025,9,Apidae,Bombus,griseocollis,,,,f,1
183,DP2,10:02,30-08-2025,9,Apidae,Bombus,impatiens,,,,f,1
183,DP2,10:02,30-08-2025,9,Apidae,Bombus,impatiens,,,,f,1
183,DP2,10:03,30-08-2025,9,Apidae,Bombus,impatiens,,,,f,1
183,DP2,10:09,30-08-2025,9,Apidae,Bombus,impatiens,,,,f,1
183,DP2,10:09,30-08-2025,9,Apidae,Bombus,impatiens,,,,f,1
183,DP2,10:09,30-08-2025,9,Halictidae,Halictus,ligatus,,,2,,1
183,DP2,10:17,30-08-2025,9,Apidae,Bombus,impatiens,,,,f,1
183,DP2,10:20,30-08-2025,9,Apidae,Bombus,impatiens,,,,f,1
183,DP2,10:20,30-08-2025,9,Apidae,Bombus,griseocollis,,,,m,1
183,DP2,10:22,30-08-2025,9,Apidae,Bombus,impatiens,,,,f,1
183,DP2,10:23,30-08-2025,9,Halictidae,Augochlorella,aurata,,,1st,f,1
183,DP2,10:23,30-08-2025,9,Halictidae,Augochlorella,aurata,,,2nd,f,1
183,DP2,10:25,30-08-2025,9,Apidae,Bombus,impatiens,,,,f,1
135,DP4,13:19,30-08-2025,9,Apidae,Bombus,impatiens,,,,f,1
135,DP4,13:19,30-08-2025,9,Apidae,Bombus,impatiens,,,,f,1
135,DP4,13:19,30-08-2025,9,Apidae,Bombus,griseocollis,,,,m,1
135,DP4,13:19,30-08-2025,9,Apidae,Bombus,impatiens,,,,f,1
135,DP4,13:20,30-08-2025,9,Apidae,Bombus,griseocollis,,,,m,1
135,DP4,13:21,30-08-2025,9,Apidae,Bombus,griseocollis,,,,m,1
135,DP4,13:21,30-08-2025,9,Apidae,Bombus,griseocollis,,,2,m,1
135,DP4,13:21,30-08-2025,9,Apidae,Bombus,griseocollis,,,,f,1
135,DP4,13:22,30-08-2025,9,Apidae,Bombus,griseocollis,,,1,f,1
135,DP4,13:22,30-08-2025,9,Apidae,Bombus,impatiens,,,2,f,1
135,DP4,13:22,30-08-2025,9,Apidae,Bombus,impatiens,,,,f,1
135,DP4,13:24,30-08-2025,9,Apidae,Bombus,impatiens,,,,f,1
135,DP4,13:24,30-08-2025,9,Apidae,Bombus,impatiens,,,2,f,1
135,DP4,13:25,30-08-2025,9,Apidae,Bombus,impatiens,,,,f,1
135,DP4,13:26,30-08-2025,9,Apidae,Bombus,bimaculatus,,,1,f,1
135,DP4,13:26,30-08-2025,9,Apidae,Bombus,impatiens,,,2,f,1
135,DP4,13:27,30-08-2025,9,Apidae,Bombus,griseocollis,,,,m,1
135,DP4,12:29,30-08-2025,9,Apidae,Bombus,griseocollis,,,,f,1
135,DP4,13:32,30-08-2025,9,Apidae,Bombus,impatiens,,,,f,1
135,DP4,13:32,30-08-2025,9,Apidae,Bombus,rufocinctus,,,2,m,1
135,DP4,13:32,30-08-2025,9,Apidae,Bombus,griseocollis,,,,f,1
135,DP4,13:34,30-08-2025,9,Apidae,Bombus,impatiens,,,,f,1
135,DP4,13:35,30-08-2025,9,Apidae,Bombus,impatiens,,,,f,1
135,DP4,13:35,30-08-2025,9,Apidae,Bombus,griseocollis,,,,m,1
135,DP4,13:40,30-08-2025,9,Apidae,Bombus,griseocollis,,,,m,1
135,DP4,13:41,30-08-2025,9,Apidae,Bombus,impatiens,,,,f,1
135,DP4,13:42,30-08-2025,9,Apidae,Melissodes,druriellus_,,,1,f,1
135,DP4,13:42,30-08-2025,9,Apidae,Bombus,griseocollis,,,,f,1
135,DP4,13:42,30-08-2025,9,Apidae,Bombus,impatiens,,,3,m,1
135,DP4,13:44,30-08-2025,9,Apidae,Bombus,griseocollis,,,,m,1
135,DP4,13:45,30-08-2025,9,Apidae,Bombus,griseocollis,,,2,m,1
135,DP4,13:47,30-08-2025,9,Apidae,Bombus,impatiens,,,,f,1
183,DP2,10:09,30-08-2025,9,Apidae,Apis,mellifera,,,,f,0
135,DP4,13:45,30-08-2025,9,Apidae,Apis,mellifera,,,1,f,0
183,DP2,10:11,30-08-2025,9,Apidae,Apis,mellifera,,,3,f,0
134,DT2,11:33,30-08-2025,9,Colletidae,Hylaeus,punctatus,,,,f,0
134,DT2,11:43,30-08-2025,9,Colletidae,Hylaeus,punctatus,,,,f,0
134,DT2,11:55,30-08-2025,9,Colletidae,Hylaeus,punctatus,,,,f,0
134,DT2,11:50,30-08-2025,9,Colletidae,Hylaeus,punctatus,,,,f,0
134,DT2,11:38,30-08-2025,9,Colletidae,Hylaeus,punctatus,,,,m,0
106,DT2,11:38,30-08-2025,9,Halictidae,Lasioglossum,pilosum,,,,f,1
183,DP2,09:57,30-08-2025,9,Apidae,Bombus,impatiens,,,2,f,1
183,DP2,10:09,30-08-2025,9,Apidae,Bombus,impatiens,,,2,f,1
183,DP2,10:02,30-08-2025,9,Apidae,Bombus,impatiens,,,1,f,1
183,DP2,10:25,30-08-2025,9,Apidae,Bombus,impatiens,,,1,f,1
183,DP2,10:09,30-08-2025,9,Apidae,Bombus,impatiens,,,1,f,1
183,DP2,10:02,30-08-2025,9,Apidae,Bombus,impatiens,,,2,f,1
183,DP2,10:17,30-08-2025,9,Apidae,Bombus,impatiens,,,1,f,1
183,DP2,10:03,30-08-2025,9,Apidae,Bombus,impatiens,,,,f,1
183,DP2,10:20,30-08-2025,9,Apidae,Bombus,impatiens,,,1,f,1
183,DP2,10:22,30-08-2025,9,Apidae,Bombus,impatiens,,,,f,1
135,DP4,13:47,30-08-2025,9,Apidae,Bombus,impatiens,,,,f,1
135,DP4,13:34,30-08-2025,9,Apidae,Bombus,impatiens,,,,f,1
135,DP4,13:35,30-08-2025,9,Apidae,Bombus,impatiens,,,2,f,1
135,DP4,13:25,30-08-2025,9,Apidae,Bombus,impatiens,,,,f,1
135,DP4,13:19,30-08-2025,9,Apidae,Bombus,impatiens,,,4,f,1
135,DP4,13:19,30-08-2025,9,Apidae,Bombus,impatiens,,,3,f,1
135,DP4,13:24,30-08-2025,9,Apidae,Bombus,impatiens,,,1,f,1
135,DP4,13:41,30-08-2025,9,Apidae,Bombus,impatiens,,,,f,1
135,DP4,13:32,30-08-2025,9,Apidae,Bombus,impatiens,,,3,f,1
183,DP2,10:20,30-08-2025,9,Apidae,Bombus,griseocollis,,,2,m,1
135,DP4,13:19,30-08-2025,9,Apidae,Bombus,griseocollis,,,1,m,1
135,DP4,13:19,30-08-2025,9,Apidae,Bombus,griseocollis,,,2,m,1
135,DP4,13:27,30-08-2025,9,Apidae,Bombus,griseocollis,,,,m,1
135,DP4,13:22,30-08-2025,9,Apidae,Bombus,griseocollis,,,3,m,1
135,DP4,13:40,30-08-2025,9,Apidae,Bombus,griseocollis,,,,m,1
135,DP4,13:35,30-08-2025,9,Apidae,Bombus,griseocollis,,,1,m,1
135,DP4,13:20,30-08-2025,9,Apidae,Bombus,griseocollis,,,,m,1
135,DP4,13:44,30-08-2025,9,Apidae,Bombus,griseocollis,,,,m,1
135,DP4,13:21,30-08-2025,9,Apidae,Bombus,griseocollis,,,3,m,1
135,DP4,13:42,30-08-2025,9,Apidae,Bombus,griseocollis,,,,f,1
135,DP4,13:32,30-08-2025,9,Apidae,Bombus,griseocollis,,,,f,1
135,DP4,13:21,30-08-2025,9,Apidae,Bombus,griseocollis,,,1,f,1
135,DP4,13:29,30-08-2025,9,Apidae,Bombus,griseocollis,,,,f,1
48,DT3,15:59,03-09-2025,9,Halictidae,Agapostemon,sericeus,,,1,m,1
48,DT3,15:59,03-09-2025,9,Halictidae,Agapostemon,sericeus,,,1,m,1
51,DT3,15:59,03-09-2025,9,Apidae,Apis,mellifera,,,,f,0
48,DT3,16:01,03-09-2025,9,Halictidae,Halictidae,,,,,m ,
48,DT3,16:02,03-09-2025,9,Halictidae,Agapostemon,sericeus,,,,m ,1
48,DT3,16:03,03-09-2025,9,Halictidae,Agapostemon,sericeus,,,,m ,1
51,DT3,16:05,03-09-2025,9,Halictidae,Agapostemon,virescens,,,,m ,1
51,DT3,16:11,03-09-2025,9,Halictidae,Agapostemon,sericeus,,,,m ,1
48,DT3,16:20,03-09-2025,9,Halictidae,Agapostemon,sericeus,,,,m ,1
51,DT3,16:22,03-09-2025,9,Apidae,Apis,mellifera,,,,f,0
48,DT3,16:22,03-09-2025,9,Halictidae,Agapostemon,sericeus,,,,m ,1
51,DT3,16:13,03-09-2025,9,Colletidae,Hylaeus,affinis,,,,f,1
160,WT3,14:48,08-09-2025,9,Colletidae,Hylaeus,punctatus,,,,f,0
160,WT3,14:51,08-09-2025,9,Colletidae,Hylaeus,punctatus,,,,f,0
160,WT3,14:51,08-09-2025,9,Colletidae,Hylaeus,punctatus,,,,f,0
160,WT3,15:02,08-09-2025,9,Colletidae,Hylaeus,punctatus,,,,f,0
148,WP3,13:10,08-09-2025,9,Apidae,Melissodes,trinodis_,,,,m,1
184,WP3,13:10,08-09-2025,9,Apidae,Melissodes,trinodis_,,,,f,1
148,WP3,13:12,08-09-2025,9,Apidae,Melissodes,illatus_,,,,m,1
148,WP3,13:16,08-09-2025,9,Apidae,Melissodes,apicatus_,,,,f,1
147,WP3,13:16,08-09-2025,9,Halictidae,Halictus,ligatus,,,,f,1
145,WP3,13:19,08-09-2025,9,Apidae,Bombus,impatiens,,,,f,1
145,WP3,13:23,08-09-2025,9,Apidae,Bombus,impatiens,,,,f,1
148,WP3,13:56,08-09-2025,9,Apidae,Bombus,impatiens,,,,m,1
160,WT3,14:34,08-09-2025,9,Apidae,Bombus,impatiens,,,,m,1
160,WT3,14:36,08-09-2025,9,Apidae,Bombus,impatiens,,,,m,1
160,WT3,14:42,08-09-2025,9,Apidae,Melissodes,druriellus_,,,,f,1
160,WT3,14:46,08-09-2025,9,Apidae,Bombus,rufocinctus,,,,m,1
145,WP3,13:08,08-09-2025,9,Apidae,Apis,mellifera,,,,f,0
148,WP3,13:08,08-09-2025,9,Halictidae,Agapostemon,virescens,,,,f,1
148,WP3,13:16,08-09-2025,9,Apidae,Melissodes,illatus_,,,,m,1
149,WP3,13:32,08-09-2025,9,Halictidae,Agapostemon,virescens,,,,f,1
147,WP3,13:19,08-09-2025,9,Apidae,Melissodes,illatus_,,,,m,1
148,WP3,13:24,08-09-2025,9,Halictidae,Agapostemon,virescens,,,,m,1
148,WP3,13:25,08-09-2025,9,Apidae,Melissodes,trinodis_,,,,f,1
145,WP3,13:26,08-09-2025,9,Halictidae,Agapostemon,virescens,,,1,m ,1
135,DP4,14:27,08-09-2025,9,Apidae,Melissodes,,,,2,f,1
135,DP4,13:42,08-09-2025,9,Apidae,Melissodes,druriellus_,,,2,f,1
185,WP3,13:28,08-09-2025,9,Apidae,Xylocopa,virginica,,,,,1
135,DP4,13:30,08-09-2025,9,Apidae,Melissodes,druriellus_,,,,f,1
148,WP3,13:30,08-09-2025,9,Apidae,Melissodes,illatus_,,,,m,1
145,WP3,13:33,08-09-2025,9,Halictidae,Agapostemon,virescens,,,,m ,1
135,DP4,13:37,08-09-2025,9,Apidae,Melissodes,druriellus_,,,,f,1
186,WP3,13:37,08-09-2025,9,Halictidae,Halictus,ligatus,,,,m,1
160,WT3,14:50,08-09-2025,9,Apidae,Apis,mellifera,,,,f,0
28,WT4,16:05,08-09-2025,9,Apidae,Apis,mellifera,,,,f,0
160,WT3,14:58,08-09-2025,9,Halictidae,Augochlorella,aurata,,,,m,1
160,WT3,14:45,08-09-2025,9,Colletidae,Hylaeus,,,,,m,1
160,WT3,14:56,08-09-2025,9,Colletidae,Hylaeus,punctatus,,,,m,0
160,WT3,14:53,08-09-2025,9,Colletidae,Hylaeus,punctatus,,,,m,0
160,WT3,14:46,08-09-2025,9,Colletidae,Lasioglossum,Dialictus_spp,,,,m,1
160,WT3,14:56,08-09-2025,9,Colletidae,Lasioglossum,Dialictus_spp,,,,m,1
160,WT3,14:41,08-09-2025,9,Colletidae,Lasioglossum,Dialictus_spp,,,,m,1
160,WT3,14:26,08-09-2025,9,Colletidae,Lasioglossum,imitatum,,,,f,1
160,WT3,14:38,08-09-2025,9,Apidae,Bombus,impatiens,,,,f,1
160,DT1,16:26,13-09-2025,9,Colletidae,Hylaeus,punctatus,,,,m,0
160,DT1,16:27,13-09-2025,9,Colletidae,Hylaeus,punctatus,,,,f,0
160,DT1,16:36,13-09-2025,9,Colletidae,Hylaeus,punctatus,,,,f,0
160,DT1,16:31,13-09-2025,9,Halictidae,Lasioglossum,zaphyrus,,,,f,1
160,DT1,16:15,13-09-2025,9,Apidae,Bombus,impatiens,,,,f,1
160,DT1,16:34,13-09-2025,9,Apidae,Bombus,impatiens,,,,f,1
160,GT1,12:54,15-09-2025,9,Apidae,Bombus,,,,,,1
160,GT1,12:55,15-09-2025,9,Apidae,Bombus,impatiens,,,,f,1
160,GT1,12:58,15-09-2025,9,Halictidae,Agapostemon,sericeus,,,2,f ,1
160,GT1,12:45,15-09-2025,9,Colletidae,Colletes,compactus,,,,f,1
160,GT1,12:41,15-09-2025,9,Apidae,Bombus,,,,,,1
160,GT1,12:43,15-09-2025,9,Colletidae,Colletes,simulans,,,,f,1
160,GT1,13:01,15-09-2025,9,Apidae,Melissodes,boltoniae_,,,,f,1
189,GT3,14:53,15-09-2025,9,Halictidae,Augochlorella,aurata,,,,f,1
189,GT3,14:51,15-09-2025,9,Apidae,Bombus,impatiens,,,,f,1
189,GT3,15:12,15-09-2025,9,Megachilidae,Anthidium,oblongatum,,,,m,0
160,GT1,13:02,15-09-2025,9,Colletidae,Colletes,compactus,,,,f,1
160,GT1,12:50,15-09-2025,9,Colletidae,Colletes,compactus,,,,f,1
160,GT1,13:45,15-09-2025,9,Colletidae,Colletes,,,,,f,1
160,GT1,12:55,15-09-2025,9,Colletidae,Colletes,compactus,,,,f,1
160,GT1,13:04,15-09-2025,9,Colletidae,Colletes,,,,,f,1
160,GT1,13:07,15-09-2025,9,Colletidae,Colletes,compactus,,,,f,1
160,GT1,12:53,15-09-2025,9,Colletidae,Colletes,simulans,,,,f,1
160,GT1,12:56,15-09-2025,9,Colletidae,Colletes,simulans,,,,f,1
160,DT1,16:39,15-09-2025,9,Colletidae,Hylaeus,punctatus,,,,m,0
160,GT1,12:45,15-09-2025,9,Apidae,Bombus,impatiens,,,,f,1
160,GT1,12:41,15-09-2025,9,Apidae,Bombus,impatiens,,,,f,1
160,GT1,12:54,15-09-2025,9,Apidae,Bombus,impatiens,,,,f,1
189,GT3,14:51,15-09-2025,9,Apidae,Bombus,impatiens,,,,f,1
160,GP3,13:05,18-09-2025,9,Apidae,Bombus,impatiens,,,,f,1
160,GP3,12:55,18-09-2025,9,Apidae,Bombus,impatiens,,,,f,1
160,GT2,14:41,18-09-2025,9,Apidae,Melissodes,illatus_,,,,m,1
165,GT2,14:45,18-09-2025,9,Apidae,Bombus,impatiens,,,,f,1
160,GT2,14:47,18-09-2025,9,Apidae,Melissodes,trinodis_druriellus_,,,,f,1
160,GP3,13:00,18-09-2025,9,Apidae,Bombus,impatiens,,,,f,1
160,GP3,12:46,18-09-2025,9,Apidae,Bombus,impatiens,,,,f,1
160,GP3,12:47,18-09-2025,9,Halictidae,Agapostemon,sericeus,,,,f ,1
160,GP3,12:55,18-09-2025,9,Apidae,Bombus,impatiens,,,,f,1
147,GP3,12:40,18-09-2025,9,Halictidae,Agapostemon,sericeus,,,,f ,1
28,GP3,12:41,18-09-2025,9,Apidae,Melissodes,boltoniae_,,,,f,1
160,GP3,12:43,18-09-2025,9,Apidae,Bombus,impatiens,,,,f,1
160,WT3,14:38,18-09-2025,9,Apidae,Bombus,impatiens,,,,f,1
197,GT2,14:20,18-09-2025,9,Apidae,Melissodes,boltoniae_,,,,f,1
160,GT2,14:21,18-09-2025,9,Apidae,Melissodes,illatus_,,,,m,1
197,GT2,14:22,18-09-2025,9,Apidae,Bombus,impatiens,,,,f,1
160,GT2,14:38,18-09-2025,9,Apidae,Bombus,impatiens,,,,f,1
160,GP3,12:51,18-09-2025,9,Apidae,Apis,mellifera,,,,f,0
160,GP3,13:00,18-09-2025,9,Apidae,Apis,mellifera,,,,f,0
171,GT3,13:03,18-09-2025,9,Apidae,Ceratina,calcarata,,,,m,1
160,GP3,13:06,18-09-2025,9,Apidae,Apis,mellifera,,,,f,0
171,GP3,13:07,18-09-2025,9,Apidae,Melissodes,druriellus_,,,,f,1
174,GP3,13:09,18-09-2025,9,Halictidae,Halictus,ligatus,,,,m,1
197,GT2,14:22,18-09-2025,9,Apidae,Apis,mellifera,,,,f,0
197,GT2,14:25 a,18-09-2025,9,Apidae,Apis,mellifera,,,,f,0
197,GT2,14:25 b,18-09-2025,9,Apidae,Apis,mellifera,,,,f,0
197,GT2,14:27,18-09-2025,9,Apidae,Apis,mellifera,,,,f,0
160,GT2,14:27,18-09-2025,9,Apidae,Melissodes,denticulatus_,,,,m,1
197,GT2,14:31,18-09-2025,9,Apidae,Apis,mellifera,,,,f,0
197,GT2,14:33,18-09-2025,9,Apidae,Apis,mellifera,,,,f,0
197,GT2,14:37,18-09-2025,9,Apidae,Ceratina,mikmaqi,,,,m,1
160,GP3,12:41,18-09-2025,9,Megachilidae,Coelioxys,coturnix,,,,m,0
197,GT2,14:49,18-09-2025,9,Apidae,Triepeolus,donatus,,,,m,1
186,GP3,13:04,18-09-2025,9,Colletidae,Colletes,americanus,,,,f,1
160,GP3,12:58,18-09-2025,9,Colletidae,Colletes,simulans,,,,f,1
160,GT2,14:39,18-09-2025,9,Colletidae,Colletes,simulans,,,,f,1
160,GT2,14:38,18-09-2025,9,Apidae,Bombus,impatiens,,,2,f,1
197,GT2,14:22,18-09-2025,9,Apidae,Bombus,impatiens,,,,f,1
182,GT2,14:45,18-09-2025,9,Apidae,Bombus,impatiens,,,,f,1
160,GP3,12:43,18-09-2025,9,Apidae,Bombus,impatiens,,,,f,1
160,GP3,12:55,18-09-2025,9,Apidae,Bombus,impatiens,,,2,f,1
160,GP3,12:46,18-09-2025,9,Apidae,Bombus,impatiens,,,,f,1
160,GP3,12:55,18-09-2025,9,Apidae,Bombus,impatiens,,,1,f,1
160,GP3,13:00,18-09-2025,9,Apidae,Bombus,impatiens,,,,f,1
197,WP3,13:33,30-09-2025,10,Halictidae,Augochlorella,aurata,,,,f,1
28,WT3,14:22,30-09-2025,10,Apidae,Bombus,griseocollis,,,,f,1
28,WT3,14:23,30-09-2025,10,Apidae,Bombus,bimaculatus,,,,f,1
28,WT3,14:41,30-09-2025,10,Colletidae,Colletes,simulans,,,,f,1
28,WT3,14:22,30-09-2025,10,Colletidae,Hylaeus,punctatus,,,,m,0
28,WT3,14:28,30-09-2025,10,Colletidae,Hylaeus,punctatus,,,,m,0
152,WT3,14:39,30-09-2025,10,Halictidae,Lasioglossum,imitatum,,,,f,1
106,DT2,11:35,30-09-2025,10,Halictidae,Lasioglossum,pilosum,,,,,1
160,DT1,15:04,06-10-2025,10,Apidae,Bombus,impatiens,,,,f,1
198,DT1,15:01,06-10-2025,10,Apidae,Bombus,impatiens,,,,f,1
198,DT2,12:58,06-10-2025,10,Apidae,Bombus,impatiens,,,,f,1
160,DT2,13:01,06-10-2025,10,Apidae,Bombus,impatiens,,,,f,1
160,DT3,10:07,06-10-2025,10,Halictidae,Lasioglossum,Dialictus_spp,,,,m,1
198,DT2,13:14,06-10-2025,10,Halictidae,Lasioglossum,Dialictus_spp,,,,m,1
198,DT2,13:05,06-10-2025,10,Colletidae,Colletes,spp,,,,,1
28,DP3,16:25,06-10-2025,10,Apidae,Bombus,impatiens,,,3,m,1
28,DP3,16:25,06-10-2025,10,Apidae,Bombus,impatiens,,,3,m,1
28,DP3,16:29,06-10-2025,10,Apidae,Bombus,impatiens,,,,m,1
28,DP3,16:30,06-10-2025,10,Apidae,Bombus,impatiens,,,2,m,1
28,DP3,16:34,06-10-2025,10,Apidae,Bombus,impatiens,,,1,m,1
28,DP3,16:34,06-10-2025,10,Apidae,Bombus,impatiens,,,2,m,1
28,DP3,16:34,06-10-2025,10,Apidae,Bombus,impatiens,,,3,m,1
28,DP3,16:37,06-10-2025,10,Apidae,Bombus,impatiens,,,,m,1
28,DP3,16:44,06-10-2025,10,Apidae,Bombus,impatiens,,,,m,1
28,DP3,16:46,06-10-2025,10,Apidae,Bombus,impatiens,,,,m,1
28,DP3,16:51,06-10-2025,10,Apidae,Bombus,impatiens,,,,m,1
28,DP3,16:53,06-10-2025,10,Apidae,Bombus,impatiens,,,,m,1
28,DP3,16:54,06-10-2025,10,Apidae,Bombus,impatiens,,,,m,1
28,DP3,16:25,06-10-2025,10,Apidae,Bombus,impatiens,,,2,f,1
28,DP3,16:30,06-10-2025,10,Apidae,Bombus,impatiens,,,1,f,1
28,DP3,16:31,06-10-2025,10,Apidae,Bombus,impatiens,,,,f,1
28,DP3,16:47,06-10-2025,10,Colletidae,Hylaeus,punctatus,,,,m,0
28,DP3,16:53,06-10-2025,10,Apidae,Bombus,impatiens,,,,f,1
197,DP2,11:49,06-10-2025,10,Apidae,Bombus,impatiens,,,,m,1
197,DP2,11:35,06-10-2025,10,Apidae,Bombus,impatiens,,,,m,1
197,DP2,11:31,06-10-2025,10,Apidae,Bombus,impatiens,,,1,m,1
197,DP2,11:31,06-10-2025,10,Apidae,Bombus,impatiens,,,2,m,1
197,DP2,11:23,06-10-2025,10,Apidae,Bombus,impatiens,,,,m,1
198,DT2,13:04,06-10-2025,10,Apidae,Apis,mellifera,,,,f,0
160,DT2,13:22,06-10-2025,10,Apidae,Apis,mellifera,,,,f,0
198,DT2,13:10,06-10-2025,10,Apidae,Apis,mellifera,,,,f,0
198,DT2,13:07,06-10-2025,10,Apidae,Apis,mellifera,,,,f,0
198,DT2,13:26,06-10-2025,10,Apidae,Apis,mellifera,,,,f,0
197,DP2,11:40,06-10-2025,10,Apidae,Apis,mellifera,,,,f,0
197,DP2,11:26,06-10-2025,10,Apidae,Apis,mellifera,,,,f,0
197,DP2,11:25,06-10-2025,10,Apidae,Apis,mellifera,,,,f,0
160,DT2,12:59,06-10-2025,10,Apidae,Apis,mellifera,,,,f,0
198,DT2,12:59,06-10-2025,10,Apidae,Apis,mellifera,,,,f,0
197,DP2,11:25,06-10-2025,10,Apidae,Apis,mellifera,,,,f,0
197,DP2,11:25,06-10-2025,10,Apidae,Apis,mellifera,,,,f,0
160,DP2,11:43,06-10-2025,10,Apidae,Bombus,impatiens,,,,m,1
197,DP2,11:48,06-10-2025,10,Apidae,Apis,mellifera,,,,f,0
160,DT2,13:10,06-10-2025,10,Apidae,Apis,mellifera,,,,f,0
197,DP2,11:42,06-10-2025,10,Apidae,Apis,mellifera,,,,f,0
197,DP2,11:44,06-10-2025,10,Apidae,Apis,mellifera,,,,f,0
197,DP2,11:46,06-10-2025,10,Apidae,Bombus,griseocollis,,,,f,1
197,DP2,11:23,06-10-2025,10,Apidae,Apis,mellifera,,,,f,0
197,DP2,11:31,06-10-2025,10,Apidae,Apis,mellifera,,,,f,0
197,DP2,11:37,06-10-2025,10,Apidae,Apis,mellifera,,,,f,0
197,DP2,11:30,06-10-2025,10,Apidae,Apis,mellifera,,,,f,0
197,DP2,11:50,06-10-2025,10,Apidae,Apis,mellifera,,,,f,0
197,DP2,11:51,06-10-2025,10,Apidae,Apis,mellifera,,,2,f,0
198,DT2,13:17,06-10-2025,10,Apidae,Apis,mellifera,,,,f,0
198,DT2,13:13,06-10-2025,10,Apidae,Apis,mellifera,,,,f,0
197,DP2,11:42,06-10-2025,10,Apidae,Apis,mellifera,,,,f,0
198,DT2,13:13,06-10-2025,10,Apidae,Apis,mellifera,,,,f,0
160,DT2,13:16,06-10-2025,10,Apidae,Apis,mellifera,,,,f,0
197,DP2,11:48,06-10-2025,10,Apidae,Apis,mellifera,,,,f,0
197,DP2,11:40,06-10-2025,10,Apidae,Apis,mellifera,,,,f,0
197,DP2,11:41,06-10-2025,10,Apidae,Apis,mellifera,,,,f,0
197,DP2,11:28,06-10-2025,10,Apidae,Apis,mellifera,,,2,f,0
160,DT2,13:21,06-10-2025,10,Apidae,Apis,mellifera,,,2,f,0
160,DT2,13:23,06-10-2025,10,Halictidae,Halictus,ligatus,,,,f,1
198,DT2,13:16,06-10-2025,10,Halictidae,Halictus,ligatus,,,,m,1
197,DP2,11:52,06-10-2025,10,Apidae,Apis,mellifera,,,,f,0
197,DP2,11:51,06-10-2025,10,Apidae,Apis,mellifera,,,,f,0
197,DP2,11:30,06-10-2025,10,Apidae,Apis,mellifera,,,,f,0
197,DP2,11:33,06-10-2025,10,Apidae,Apis,mellifera,,,,f,0
197,DP2,11:28,06-10-2025,10,Apidae,Apis,mellifera,,,,f,0
198,DT2,13:01,06-10-2025,10,Apidae,Apis,mellifera,,,,f,0
197,DP2,11:38,06-10-2025,10,Apidae,Apis,mellifera,,,,f,0
198,DT1,14:52,06-10-2025,10,Apidae,Apis,mellifera,,,,f,0
28,DP3,16:25,06-10-2025,10,Colletidae,Hylaeus,punctatus,,,,m,0
28,DP3,16:25,06-10-2025,10,Colletidae,Hylaeus,punctatus,,,,m,0
180,DP3,16:40,06-10-2025,10,Colletidae,Hylaeus,hylanictus,,,,f,0
184,DP3,16:50,06-10-2025,10,Apidae,Apis,mellifera,,,,f,0
28,DP3,16:48,06-10-2025,10,Apidae,Apis,mellifera,,,,f,0
184,DP3,16:33,06-10-2025,10,Apidae,Apis,mellifera,,,,f,0
198,DP3,16:36,06-10-2025,10,Apidae,Apis,mellifera,,,,f,0
184,DP3,16:42,06-10-2025,10,Apidae,Apis,mellifera,,,,f,0
28,DP3,16:25,06-10-2025,10,Apidae,Apis,mellifera,,,2a,f,0
28,DP3,16:25,06-10-2025,10,Apidae,Apis,mellifera,,,2b,f,0
28,DP3,16:43,06-10-2025,10,Colletidae,Hylaeus,hylanictus,,,,f,0
184,DP3,16:57,06-10-2025,10,Apidae,Apis,mellifera,,,,f,0
21,GT1,12:31,14-10-2025,10,Megachilidae,Anthidium,oblongatum,,,,,0
202,GT1,12:17,14-10-2025,10,Halictidae,Agapostemon,virescens,,,,f,1
160,GT1,12:08,14-10-2025,10,Apidae,Bombus,impatiens,,,,m,1
160,GT1,12:12,14-10-2025,10,Apidae,Bombus,impatiens,,,,f,1
197,GT2,14:31,14-10-2025,10,Apidae,Bombus,impatiens,,,1,m,1
197,GT2,14:38,14-10-2025,10,Apidae,Bombus,impatiens,,,2,m,1
197,GT2,14:25,14-10-2025,10,Apidae,Bombus,impatiens,,,,f,1
197,GT2,14:28,14-10-2025,10,Apidae,Bombus,impatiens,,,1,m,1
197,GT2,14:44,14-10-2025,10,Apidae,Bombus,impatiens,,,,m,1
197,GT2,14:55,14-10-2025,10,Apidae,Bombus,impatiens,,,2,m,1
197,GT2,14:38,14-10-2025,10,Apidae,Bombus,impatiens,,,1,m,1
197,GT2,14:47,14-10-2025,10,Apidae,Bombus,impatiens,,,,m,1
197,GT2,14:53,14-10-2025,10,Apidae,Bombus,impatiens,,,,m,1
197,GT2,14:43,14-10-2025,10,Apidae,Bombus,impatiens,,,,m,1
197,GT2,14:56,14-10-2025,10,Apidae,Bombus,impatiens,,,,m,1
197,GT2,14:51,14-10-2025,10,Apidae,Bombus,impatiens,,,1,m,1
197,GT2,14:45,14-10-2025,10,Apidae,Bombus,impatiens,,,2,m,1
197,GT2,14:51,14-10-2025,10,Apidae,Bombus,impatiens,,,2,m,1
197,GT2,14:45,14-10-2025,10,Apidae,Bombus,impatiens,,,3,m,1
197,GT2,14:55,14-10-2025,10,Apidae,Bombus,impatiens,,,3,m,1
197,GT2,14:55,14-10-2025,10,Apidae,Bombus,impatiens,,,,f,1
197,GT2,14:58,14-10-2025,10,Apidae,Bombus,impatiens,,,2,m,1
197,GT2,14:36,14-10-2025,10,Apidae,Bombus,impatiens,,,,m,1
197,GT2,14:48,14-10-2025,10,Apidae,Bombus,impatiens,,,,m,1
197,GT2,14:42,14-10-2025,10,Apidae,Bombus,impatiens,,,,m,1
197,GT2,14:33,14-10-2025,10,Apidae,Bombus,impatiens,,,,m,1
197,GT2,14:30,14-10-2025,10,Apidae,Bombus,impatiens,,,,m,1
197,GT2,14:45,14-10-2025,10,Apidae,Bombus,impatiens,,,1,m,1
197,GT2,14:39,14-10-2025,10,Apidae,Bombus,impatiens,,,,m,1
197,GT2,14:31,14-10-2025,10,Apidae,Bombus,impatiens,,,2,m,1
197,GT2,14:50,14-10-2025,10,Apidae,Bombus,impatiens,,,,f,1
197,GT2,14:58,14-10-2025,10,Apidae,Bombus,impatiens,,,1,m,1
197,GT2,14:41,14-10-2025,10,Apidae,Bombus,impatiens,,,,m,1
202,GT1,12:27,14-10-2025,10,Apidae,Apis,mellifera,,,,f,0
202,GT1,12:25,14-10-2025,10,Apidae,Apis,mellifera,,,,f,0
203,GT1,12:16,14-10-2025,10,Apidae,Apis,mellifera,,,,f,0
21,GN2,13:52,14-10-2025,10,Apidae,Apis,mellifera,,,,f,0
21,GN1,14:00,14-10-2025,10,Apidae,Apis,mellifera,,,,f,0
197,GT2,14:51,14-10-2025,10,Apidae,Apis,mellifera,,,,f,0
197,GT2,14:36,14-10-2025,10,Apidae,Apis,mellifera,,,,f,0
