Plant_ID,Site,Time,Date,Replicate,Family,Genus,Species,Unique_ID,drying,etc,sex
134,GP2,14:05,14-05-2025,6,Halictidae,Halictus,rubucundis,,,,
160,DT1,11:19,22-05-2025,8,Halictidae,Lasioglossum,,,,,
56,WP1,14:26,26-05-2025,1,Apidae,Ceratina,,,,,
52,WP1,14:26,26-05-2025,1,Apidae,Ceratina,,,,,
61,GP1,13:20,27-05-2025,1,Apidae,Ceratina,,,,,
61,GP1,13:29,27-05-2025,1,Apidae,Ceratina,,,,,
61,GP1,13:42,27-05-2025,1,Apidae,Ceratina,,,,1st,
61,GP1,13:42,27-05-2025,1,Andreninae,Andrena,,,,,
55,WT2,12:46,30-05-2025,1,Apidae,Ceratina,,,,,
55,WT2,12:46,30-05-2025,1,Apidae,Ceratina,,,,,
56,WP1,14:11,03-06-2025,2,Andrenidae,Andrena,,,,,
42,WT3,13:17,03-06-2025,3,Megachilidae,Megachile,,,,,
44,GT2,14:03,16-06-2025,2,Andrenidae,Andrena,,,,,
42,DP3,13:04,23-06-2025,3,Apidae,Apis,mellifera,,,,
73,DT2,16:35,25-06-2025,3,Andrenidae,Andrena,,,,,
26,DP2,13:41,02-06-2025,1,Apidae,Apis,mellifera,,,,
26,DP2,13:46,02-06-2025,1,Apidae,Apis,mellifera,,HD,,
56,WP1,14:14,03-06-2025,2,Apidae,Xylocopa,virginica,,,,
57,DP2,15:18,10-06-2025,2,Apidae,Apis,mellifera,,,,
57,DP2,15:21,10-06-2025,2,Apidae,Apis,mellifera,,,,
5,GT1,11:47,17-06-2025,3,Megachilidae,Chelostoma,,,,,
76,GT3,10:33,17-06-2025,2,Apidae,Bombus,bimaculatas,,,,
42,DP3,13:29,17-06-2025,2,Apidae,Bombus,griseocollis,,,,
94,DP3,13:42,17-06-2025,2,Apidae,Bombus,bimaculatas,,,,
42,DP3,13:47,17-06-2025,2,Apidae,Apis,mellifera,,,,
42,DP3,13:47,17-06-2025,2,Apidae,Bombus,griseocollis,,,,
42,DP3,15:50,17-06-2025,2,Apidae,Bombus,griseocollis,,,,
42,DP3,15:56,17-06-2025,2,Apidae,Bombus,flavirons,,,,
116,GT3,11:43,20-06-2025,3,Megachilidae,Megachile,,,,,
42,WT3,13:26,20-06-2025,3,Apidae,Ceratina,,,,,
92,DP3,13:04,23-06-2025,3,Apidae,Apis,mellifera,,,,
42,DP3,13:05,23-06-2025,3,Apidae,Apis,mellifera,,,,
42,DP3,13:07,23-06-2025,3,Apidae,Bombus,griseocollis,,,,
42,DP3,13:11,23-06-2025,3,Apidae,Apis,mellifera,,,,
42,DP3,13:13,23-06-2025,3,Apidae,Apis,mellifera,,,,
42,DP3,13:14,23-06-2025,3,Apidae,Apis,mellifera,,,,
42,DP3,13:16,23-06-2025,3,Apidae,Apis,mellifera,,,,
42,DP3,13:19,23-06-2025,3,Apidae,Apis,mellifera,,,,
42,DP3,13:23,23-06-2025,3,Apidae,Apis,mellifera,,,,
42,DP3,13:26,23-06-2025,3,Apidae,Apis,mellifera,,,,
42,DP3,13:27,23-06-2025,3,Apidae,Apis,mellifera,,,,
42,DP3,13:28,23-06-2025,3,Apidae,Apis,mellifera,,,,
42,DP3,13:29,23-06-2025,3,Apidae,Apis,mellifera,,,,
42,DP3,13:30,23-06-2025,3,Apidae,Apis,mellifera,,,,
42,DP3,13:32,23-06-2025,3,Apidae,Apis,mellifera,,,1st,
42,DP3,13:32,23-06-2025,3,Apidae,Apis,mellifera,,,2nd,
42,DP3,13:32,23-06-2025,3,Apidae,Apis,mellifera,,,3rd,
73,DT1,15:24,23-06-2025,3,Apidae,Bombus,bimaculatas,,,,
42,WT3,12:23,24-06-2025,4,Megachilidae,Megachile,,,,,
5,DP2,14:27,25-06-2025,3,Apidae,Apis,mellifera,,,,
5,DP2,14:28,25-06-2025,3,Apidae,Bombus,rufocintus,,,,
5,DP2,14:49,25-06-2025,3,Apidae,Bombus,griseocollis,,,,
108,GP1,10:16,26-06-2025,3,Apidae,Bombus,bimaculatas,,,,
111,GT2,11:04,26-06-2025,3,Apidae,Anthophora,terminalis,,,,
111,GT2,11:05,26-06-2025,3,Apidae,Anthophora,terminalis,,,,
111,GT2,11:08,26-06-2025,3,Apidae,Anthophora,terminalis,,,,
111,GT2,11:10,26-06-2025,3,Apidae,Anthophora,terminalis,,,,
111,GT2,11:11,26-06-2025,3,Apidae,Anthophora,terminalis,,,,
111,GT2,11:13,26-06-2025,3,Apidae,Anthophora,terminalis,,,,
111,GT2,11:14,26-06-2025,3,Apidae,Anthophora,terminalis,,,,
111,GT2,11:17,26-06-2025,3,Apidae,Anthophora,terminalis,,,,
111,GT2,11:18,26-06-2025,3,Apidae,Anthophora,terminalis,,,,
111,GT2,11:20,26-06-2025,3,Apidae,Bombus,bimaculatas,,,,
111,GT2,11:20,26-06-2025,3,Apidae,Anthophora,terminalis,,,,
111,GT2,11:24,26-06-2025,3,Apidae,Anthophora,terminalis,,,1st,
111,GT2,11:24,26-06-2025,3,Apidae,Anthophora,terminalis,,,2nd,
42,WT3,12:25,30-06-2025,4,Megachilidae,Megachile,,,,,
42,DP3,11:05,02-07-2025,4,Apidae,Apis,mellifera,,,1st,
42,DP3,11:05,02-07-2025,4,Apidae,Apis,mellifera,,,2nd,
42,DP3,11:06,02-07-2025,4,Apidae,Apis,mellifera,,,,
94,DP3,11:07,02-07-2025,4,Apidae,Apis,mellifera,,,,
94,DP3,11:12,02-07-2025,4,Apidae,Apis,mellifera,,,,
42,DP3,11:12,02-07-2025,4,Apidae,Apis,mellifera,,,1st,
42,DP3,11:12,02-07-2025,4,Apidae,Apis,mellifera,,,2nd,
47,DP3,11:14,02-07-2025,4,Apidae,Apis,mellifera,,,,
94,DP3,11:16,02-07-2025,4,Apidae,Apis,mellifera,,,,
94,DP3,11:18,02-07-2025,4,Apidae,Apis,mellifera,,,,
42,DP3,11:20,02-07-2025,4,Apidae,Apis,mellifera,,,1st,
42,DP3,11:20,02-07-2025,4,Apidae,Apis,mellifera,,,2nd,
42,DP3,11:23,02-07-2025,4,Apidae,Apis,mellifera,,,1st,
42,DP3,11:23,02-07-2025,4,Apidae,Apis,mellifera,,,2nd,
42,DP3,11:24,02-07-2025,4,Apidae,Apis,mellifera,,,,
42,DP3,11:29,02-07-2025,4,Apidae,Apis,mellifera,,,,
42,DP3,11:30,02-07-2025,4,Apidae,Apis,mellifera,,,2nd,
42,DP3,11:31,02-07-2025,4,Apidae,Apis,mellifera,,,,
104,DT1,12:13,02-07-2025,4,Apidae,Bombus,griseocollis,,,,
104,DT1,12:20,02-07-2025,4,Apidae,Bombus,griseocollis,,,,
104,DT1,12:22,02-07-2025,4,Apidae,Ceratina,,,,,
104,DT1,12:24,02-07-2025,4,Apidae,Bombus,bimaculatas,,,,
104,DT1,12:27,02-07-2025,4,Apidae,Ceratina,,,,1st,
104,DT1,12:27,02-07-2025,4,Apidae,Bombus,bimaculatas,,,2nd,
104,DT1,12:29,02-07-2025,4,Apidae,Bombus,griseocollis,,,,
25,DT3,16:01,02-07-2025,4,Apidae,Apis,mellifera,,,,
120,DT3,16:29,02-07-2025,4,Apidae,Bombus,impatiens,,,,
42,WT3,12:32,03-07-2025,4,Megachilidae,Megachile,,,,,
42,WT3,12:36,03-07-2025,4,Megachilidae,Megachile,,,,,
42,WP1,13:36,03-07-2025,4,Megachilidae,Megachile,,,,1st,
42,WP1,13:36,03-07-2025,4,Megachilidae,Megachile,latimanus,,,2nd,
42,WP1,13:38,03-07-2025,4,Megachilidae,Megachile,latimanus,,,,
42,WP1,13:55,03-07-2025,4,Megachilidae,Megachile,latimanus,,,,
111,GT3,13:57,03-07-2025,4,Megachilidae,Anthidium,manicatum,,,,
42,GT3,13:59,03-07-2025,4,Megachilidae,Megachile,,,,,
42,DP2,11:30,04-07-2025,4,Apidae,Apis,mellifera,,,1st,
42,DP2,11:30,04-07-2025,4,Apidae,Apis,mellifera,,,2nd,
42,DP2,11:33,04-07-2025,4,Apidae,Bombus,griseocollis,,,,
42,DP2,11:36,04-07-2025,4,Apidae,Apis,mellifera,,,,
5,DP2,11:38,04-07-2025,4,Apidae,Apis,mellifera,,,1st,
5,DP2,11:38,04-07-2025,4,Apidae,Bombus,bimaculatas,,,2nd,
42,DP2,11:43,04-07-2025,4,Apidae,Apis,mellifera,,,,
5,DP2,11:44,04-07-2025,4,Apidae,Apis,mellifera,,,,
42,DP2,11:44,04-07-2025,4,Apidae,Bombus,mixtus,,,,
42,DP2,11:49,04-07-2025,4,Apidae,Bombus,griseocollis,,,,
42,DP2,12:22,04-07-2025,4,Apidae,Apis,mellifera,,,,
42,DP2,12:25,04-07-2025,4,Apidae,Apis,mellifera,,,,
107,DT2,12:50,04-07-2025,4,Apidae,Apis,mellifera,,,,
42,DP2,11:49,04-07-2025,4,Apidae,Bombus,griseocollis,,,,
42,GT1,9:51,07-07-2025,4,Apidae,Apis,mellifera,,,,
42,GT1,9:59,07-07-2025,4,Apidae,Bombus,griseocollis,,,,
42,GT1,10:00,07-07-2025,4,Apidae,Bombus,perplexus ,,,,
42,GT1,10:02,07-07-2025,4,Apidae,Bombus,griseocollis,,,,
42,GT1,10:13,07-07-2025,4,Apidae,Bombus,griseocollis,,,,
42,GT1,10:15,07-07-2025,4,Apidae,Bombus,griseocollis,,,,
42,GT1,10:19,07-07-2025,4,Apidae,Bombus,griseocollis,,,,
42,GT1,10:20,07-07-2025,4,Apidae,Bombus,griseocollis,,,,
42,DP3,13:17,08-07-2025,5,Megachilidae,Megachile,,,,,
42,GT3,12:56,08-07-2025,5,Megachilidae,Megachile,,,,,
112,GT3,13:34,08-07-2025,4,Apidae,Melissodes,,,,,
115,GT3,13:34,08-07-2025,4,Apidae,Triepeolus,,,,,
116,GT3,13:35,08-07-2025,4,Apidae,Melissodes,,,,,
113,GT3,13:38,08-07-2025,4,Apidae,Apis,mellifera,,,,
114,GT3,13:40,08-07-2025,4,Apidae,Apis,mellifera,,,,
115,GT3,13:46,08-07-2025,4,Apidae,Melissodes,,,,,
115,GT3,13:46,08-07-2025,4,Apidae,Melissodes,,,,,
115,GT3,13:47,08-07-2025,4,Apidae,Bombus,bimaculatas,,,,
113,GT3,13:48,08-07-2025,4,Apidae,Apis,mellifera,,,,
115,GT3,13:52,08-07-2025,4,Apidae,Melissodes,,,,,
115,GT3,13:55,08-07-2025,4,Apidae,Melissodes,,,,,
42,GT3,13:58,08-07-2025,4,Apidae,Bombus,griseocollis,,,,
114,GT3,14:01,08-07-2025,4,Apidae,Apis,mellifera,,,,
115,GT3,14:03,08-07-2025,4,Apidae,Melissodes,,,,,
124,GT2,16:38,08-07-2025,4,Apidae,Bombus,bimaculatas,,,,
124,GT2,16:40,08-07-2025,4,Apidae,Anthophora,terminalis,,,,
112,GT2,16:41,08-07-2025,4,Apidae,Melissodes,,,,,
113,GT2,16:41,08-07-2025,4,Apidae,Melissodes,,,,,
112,GT2,16:42,08-07-2025,4,Apidae,Melissodes,,,,,
112,GT2,16:43,08-07-2025,4,Apidae,Melissodes,,,,,
112,GT2,16:46,08-07-2025,4,Apidae,Melissodes,,,,,
124,GT2,16:50,08-07-2025,4,Apidae,Anthophora,terminalis,,,,
124,GT2,16:52,08-07-2025,4,Apidae,Ceratina,,,,,
124,GT2,16:52,08-07-2025,4,Apidae,Anthophora,terminalis,,,,
113,GT2,16:56,08-07-2025,4,Apidae,Melissodes,,,,,
124,GT2,16:59,08-07-2025,4,Apidae,Anthophora,terminalis,,,,
112,GT2,17:01,08-07-2025,4,Apidae,Melissodes,,,,,
113,GT2,17:04,08-07-2025,4,Apidae,Melissodes,,,,,
113,GT2,17:05,08-07-2025,4,Apidae,Melissodes,,,,,
137,DP3,13:30,11-07-2025,5,Apidae,Apis,mellifera,,,,
124,DP2,13:04,18-07-2025,5,Apidae,Ceratina,,,,,
144,WP3,13:51,21-07-2025,6,Apidae,Bombus ,,,,,
124,DP2,12:44,18-07-2025,5,Apidae,Bombus ,bimaculatus,,,,
147,WP3,13:53,21-07-2025,6,Apidae,Melissodes,,,,,
122,DT2,11:46,18-07-2025,5,Apidae,Bombus,vagans,,,,
42,GT3,13:03,11-07-2025,5,Megachilidae,Hoplitis ,truncata ,,,,
73,WP1,10:42,11-07-2025,5,Apidae,Bombus,griseocollis,,,,
5,WP1,10:45,11-07-2025,5,Apidae,Bombus,rufocintus,,,,
5,WP1,10:59,11-07-2025,5,Apidae,Apis,mellifera,,,,
5,WP1,10:59,11-07-2025,5,Apidae,Apis,mellifera,,,,
5,WP1,11:02,11-07-2025,5,Apidae,Bombus,rufocintus,,,,
13,WP1,11:10,11-07-2025,5,Apidae,Bombus,rufocintus,,,,
5,WP1,11:10,11-07-2025,5,Apidae,Bombus,mixtus,,,,
42,WP1,13:35,11-07-2025,5,Apidae,Apis,mellifera,,,,
42,WP1,13:41,11-07-2025,5,Apidae,Apis,mellifera,,,,
130,WP1,13:19,11-07-2025,5,Apidae,Bombus,,,,,
130,WP1,13:23,11-07-2025,5,Apidae,Bombus,,,,,
130,DP3,13:38,11-07-2025,5,Apidae,Bombus,affinis,,,,
42,DP3,13:43,11-07-2025,5,Apidae,Apis,mellifera,,,,
42,DP3,13:44,11-07-2025,5,Apidae,Apis,mellifera,,,,
124,GT2,13:24,12-07-2025,5,Apidae,Bombus,impatiens,,,,
124,GT2,13:31,12-07-2025,5,Apidae,Ceratina,,,,,
124,GT2,13:39,12-07-2025,5,Apidae,Anthophora,terminalis,,,,
112,GT2,13:47,12-07-2025,5,Apidae,Melissodes,,,,,
124,GT2,13:50,12-07-2025,5,Apidae,Ceratina,,,,,
124,GT2,13:53,12-07-2025,5,Apidae,Ceratina,,,,,
124,GT2,13:29,12-07-2025,5,Apidae,Bombus,,,,,
5*,GP1,15:20,12-07-2025,5,Apidae,Apis,mellifera,,,,
94,DT2,10:24,15-07-2025,5,Apidae,Bombus,bimaculatus,,,,
94,DT2,10:24,15-07-2025,5,Apidae,Bombus,vagans,,,,
94,DT2,10:34,15-07-2025,5,Apidae,Bombus,griseocollis,,,,
115,GT3,12:56,16-07-2025,5,Apidae,Melissodes,,,,,
42,GT3,12:56,16-07-2025,5,Apidae,Apis,mellifera,,,,
115,GT3,12:57,16-07-2025,5,Apidae,Melissodes,,,,,
42,GT3,12:59,16-07-2025,5,Apidae,Apis,mellifera,,,,
42,GT3,13:00,16-07-2025,5,Apidae,Apis,mellifera,,,,
115,GT3,13:00,16-07-2025,5,Apidae,Melissodes,,,,,
115,GT3,13:05,16-07-2025,5,Apidae,Melissodes,,,,,
115,GT3,13:09,16-07-2025,5,Apidae,Bombus,griseocollis,,,,
114,GT3,13:09,16-07-2025,5,Apidae,Bombus,griseocollis,,,,
42,GT3,13:10,16-07-2025,5,Apidae,Apis,mellifera,,,,
122,DT2,11:34,18-07-2025,5,Apidae,Bombus,rufocintus,,,,
122,DT2,11:47,18-07-2025,5,Apidae,Apis,mellifera,,,,
122,DT2,11:47,18-07-2025,5,Apidae,Apis,mellifera,,,,
124,DP2,12:44,18-07-2025,5,Apidae,Bombus,griseocollis,,,,
124,DP2,12:45,18-07-2025,5,Apidae,Bombus,griseocollis,,,,
124,DP2,12:46,18-07-2025,5,Apidae,Bombus,griseocollis,,,,
124,DP2,12:47,18-07-2025,5,Apidae,Bombus,griseocollis,,,,
124,DP2,12:48,18-07-2025,5,Apidae,Bombus,griseocollis,,,,
124,DP2,12:48,18-07-2025,5,Apidae,Bombus,bimaculatus,,,,
124,DP2,12:49,18-07-2025,5,Apidae,Bombus,griseocollis,,,,
124,DP2,12:49,18-07-2025,5,Apidae,Bombus,griseocollis,,,,
124,DP2,12:51,18-07-2025,5,Apidae,Bombus,bimaculatus,,,,
124,DP2,12:51,18-07-2025,5,Apidae,Bombus,griseocollis,,,,
124,DP2,12:53,18-07-2025,5,Apidae,Bombus,bimaculatus,,,,
124,DP2,12:55,18-07-2025,5,Apidae,Bombus,griseocollis,,,,
124,DP2,12:55,18-07-2025,5,Apidae,Bombus,griseocollis,,,,
124,DP2,12:56,18-07-2025,5,Apidae,Bombus,bimaculatus ,,,,
124,DP2,12:58,18-07-2025,5,Apidae,Bombus,griseocollis,,,,
124,DP2,12:58,18-07-2025,5,Apidae,Bombus,bimaculatus ,,,,
124,DP2,12:59,18-07-2025,5,Apidae,Bombus,bimaculatus,,,,
124,DP2,13:01,18-07-2025,5,Apidae,Melissodes,,,,,
124,DP2,13:05,18-07-2025,5,Apidae,Ceratina,,,,,
124,DP2,13:08,18-07-2025,5,Apidae,Bombus,griseocollis,,,,
124,DP2,13:08,18-07-2025,5,Apidae,Bombus,bimaculatus,,,,
124,DP2,13:11,18-07-2025,5,Apidae,Bombus,griseocollis,,,,
124,DP2,13:11,18-07-2025,5,Apidae,Bombus,griseocollis,,,,
124,DP2,13:13,18-07-2025,5,Apidae,Ceratina,,,,,
115,GT3,13:23,16-07-2025,5,Apidae,Melissodes,,,,,
25,DT3,15:03,18-07-2025,6,Apidae,Bombus,bimaculatus,,,,
25,DT3,15:04,18-07-2025,6,Apidae,Bombus,,,,,
25,DT3,15:17,18-07-2025,6,Apidae,Bombus,,,,,
106,WT1,10:51,21-07-2025,6,Apidae,Bombus,bimaculatus,,,,
146,WP3,13:51,21-07-2025,6,Apidae,Bombus,bimaculatus ,,,,
146,WP3,13:52,21-07-2025,6,Apidae,Bombus,bimaculatus,,,,
146,WP3,13:52,21-07-2025,6,Apidae,Melissodes,,,,,
146,WP3,13:54,21-07-2025,6,Apidae,Melissodes,,,,,
145,WP3,14:00,21-07-2025,6,Apidae,Melissodes,,,,,
148,WP3,14:01,21-07-2025,6,Apidae,Melissodes,,,,,
146,WP3,14:02,21-07-2025,6,Apidae,Melissodes,,,,,
146,WP3,14:05,21-07-2025,6,Apidae,Melissodes,,,,,
146,WP3,14:06,21-07-2025,6,Apidae,Melissodes,,,,,
144,WP3,14:08,21-07-2025,6,Apidae,Bombus,bimaculatus ,,,,
146,GT3,11:56,24-07-2025,6,Apidae,Apis,mellifera,,,,
159,DP3,10:52,28-07-2025,6,Apidae,Melissodes,,,,,
159,DP3,10:33,28-07-2025,6,Apidae,Melissodes,,,,,
159,DP3,10:50,28-07-2025,6,Apidae,Melissodes,,,,,
115,GT3,12:19,24-07-2025,6,Apidae,Melissodes,,,,,
115,GT3,12:23,24-07-2025,6,Apidae,Melissodes,,,,,
115,GT3,12:21,24-07-2025,6,Apidae,Melissodes,,,,,
115,GT3,12:13,24-07-2025,6,Apidae,Melissodes,,,,,
146,GT3,12:09,24-07-2025,6,Apidae,Melissodes,,,,,
146,WP3,14:09,21-07-2025,6,Apidae,Melissodes,,,,,
162,GT2,11:21,29-07-2025,6,Apidae,Ceratina,,,,,
100,GT2,11:34,29-07-2025,6,Apidae,Ceratina,,,,,
160,GT2,11:28,29-07-2025,6,Apidae,Ceratina,,,,,
160,GT2,11:46,29-07-2025,6,Apidae,Ceratina,,,,,
161,GT2,11:47,29-07-2025,6,Apidae,Ceratina,,,,,
42,DP3,13:50,17-06-2025,2,Apidae,Bombus,griseocollis,,,,
130,DP3,13:23,11-07-2025,5,Apidae,Bombus,affinis,,,,
124,GT2,12:29,12-07-2025,5,Apidae,Bombus,bimaculatus ,,,,
144,WP3,13:46,21-07-2025,6,Apidae,Bombus,bimaculatus,,,,
42,GT3,13:22,16-07-2025,5,Apidae,Apis,mellifera,,,,
144,WP3,14:12,21-07-2025,6,Apidae,Apis,mellifera,,,,
123,GP3,13:48,24-07-2025,6,Apidae,Apis,mellifera,,,,
160*,GP2,13:55,24-07-2025,6,Apidae,Apis,mellifera,,,,
153,GT3,12:06,24-07-2025,6,Apidae,Bombus,griseocollis,,,,
146,GT3,12:08,24-07-2025,6,Apidae,Bombus,griseocollis,,,,
146,GT3,12:10,24-07-2025,6,Apidae,Bombus,griseocollis,,,,
146,GT3,12:11,24-07-2025,6,Apidae,Bombus,griseocollis,,,,
154,GT3,12:13,24-07-2025,6,Apidae,Bombus,griseocollis,,,,
146,GT3,12:14,24-07-2025,6,Apidae,Bombus,griseocollis,,,,
146,GT3,12:14,24-07-2025,6,Apidae,Bombus,vagans,,,,
154,GT3,12:15,24-07-2025,6,Apidae,Bombus,griseocollis,,,,
154,GT3,12:16,24-07-2025,6,Apidae,Bombus,griseocollis,,,,
154,GT3,12:23,24-07-2025,6,Apidae,Bombus,griseocollis,,,,
124,GP2,13:42,24-07-2025,6,Apidae,Bombus,bimaculatus,,,,
124,GP2,14:06,24-07-2025,6,Apidae,Bombus,bimaculatus,,,,
159,DP3,10:23,28-07-2025,6,Apidae,Bombus,griseocollis,,,,
159,DP3,12:25,28-07-2025,6,Apidae,Bombus,griseocollis,,,,
159,DP3,10:30,28-07-2025,6,Apidae,Bombus,griseocollis,,,,
25,GT2,11:18,29-07-2025,6,Apidae,Bombus,,,,,
112,GT2,11:21,29-07-2025,6,Apidae,Bombus,bimaculatus,,,,
161,GT1,11:21,29-07-2025,6,Apidae,Bombus,bimaculatus,,,,
161,GT2,11:27,29-07-2025,6,Apidae,Bombus,griseocollis,,,,
112,GT2,11:33,29-07-2025,6,Apidae,Bombus,bimaculatus ,,,,
161,GT2,11:38,29-07-2025,6,Apidae,Bombus,vagans,,,,
161,GT2,11:40,29-07-2025,6,Apidae,Bombus,griseocollis,,,,
161,GT2,11:46,29-07-2025,6,Apidae,Bombus,griseocollis,,,,
25,DT3,15:16,29-07-2025,7,Apidae,Bombus,affinis,,,,
160,GP2,13:46,24-07-2025,6,Apidae,Bombus ,Sandersoni ,,,,
160,GP2,14:03,24-07-2025,6,Apidae,Bombus,rufocintus,,,,
161,GT2,11:47,29-07-2025,6,Apidae,Bombus,rufocintus,,,,
122,DT2,12:18,22-07-2025,6,Apidae,Bombus,,,,,
124,DP2,13:28,22-07-2025,6,Apidae,Bombus,,,,,
124,DP2,13:28,22-07-2025,6,Apidae,Bombus,,,,,
124,DP2,13:30,22-07-2025,6,Apidae,Bombus,,,,,
124,DP2,13:31,22-07-2025,6,Apidae,Bombus,,,,,
124,DP2,13:33,22-07-2025,6,Apidae,Bombus,,,,,
124,DP2,13:33,22-07-2025,6,Apidae,Bombus,,,,,
124,DP2,13:35,22-07-2025,6,Apidae,Bombus ,,,,,
124,DP2,13:36,22-07-2025,6,Apidae,Bombus,,,,,
124,DP2,13:39,22-07-2025,6,Apidae,Bombus,,,,,
124,DP2,13:39,22-07-2025,6,Apidae,Bombus,,,,,
124,DP2,13:40,22-07-2025,6,Apidae,Bombus,,,,,
124,DP2,13:41,22-07-2025,6,Apidae,Bombus,,,,,
124,DP2,13:42,22-07-2025,6,Apidae,Bombus,,,,,
124,DP2,13:42,22-07-2025,6,Apidae,Bombus,,,,,
124,DP2,13:44,22-07-2025,6,Apidae,Bombus,,,,,
124,DP2,13:44,22-07-2025,6,Apidae,Bombus,,,,,
124,DP2,13:46,22-07-2025,6,Apidae,Bombus,,,,,
124,DP2,13:46,22-07-2025,6,Apidae,Bombus,,,,,
124,DP2,13:47,22-07-2025,6,Apidae,Bombus,,,,,
124,DP2,13:48,22-07-2025,6,Apidae,Bombus,,,,,
124,DP2,13:49,22-07-2025,6,Apidae,Bombus,,,,,
124,DP2,13:50,22-07-2025,6,Apidae,Bombus,,,,,
124,DP2,13:52,22-07-2025,6,Apidae,Bombus,,,,,
124,DP2,13:53,22-07-2025,6,Apidae,Bombus,,,,,
124,DP2,13:54,22-07-2025,6,Apidae,Bombus,,,,,
124,DP2,13:56,22-07-2025,6,Apidae,Bombus,,,,,
124,DP2,13:57,22-07-2025,6,Apidae,Bombus,,,,,
146,GT3,11:57,24-07-2025,6,Apidae,Bombus,,,,,
146,GT3,11:58,24-07-2025,6,Apidae,Bombus,,,,,
142,GT3,12:01,24-07-2025,6,Apidae,Bombus,,,,,
146,GT3,12:01,24-07-2025,6,Apidae,Bombus,,,,,
146,GT3,12:03,24-07-2025,6,Apidae,Bombus,,,,,
159,DP3,10:28,28-07-2025,6,Apidae,Bombus,,,,,
159,DP3,10:28,28-07-2025,6,Apidae,Bombus,,,,,
159,DP3,10:31,28-07-2025,6,Apidae,Bombus,,,,,
159,DP3,10:31,28-07-2025,6,Apidae,Bombus,,,,,
159,DP3,10:33,28-07-2025,6,Apidae,Bombus,,,,,
159,DP3,10:37,28-07-2025,6,Apidae,Bombus,,,,,
159,DP3,10:42,28-07-2025,6,Apidae,Bombus,,,,,
159,DP3,10:44,28-07-2025,6,Apidae,Bombus,,,,,
159,DP3,10:46,28-07-2025,6,Apidae,Bombus,,,,,
159,DP3,10:47,28-07-2025,6,Apidae,Bombus,,,,,
159,DP3,10:48,28-07-2025,6,Apidae,Bombus,,,,,
159,DP3,10:52,28-07-2025,6,Apidae,Bombus,,,,,
42,DP3,13:56,17-06-2025,2,Apidae,Bombus,frigidus*,,,,
161,GT2,11:18,29-07-2025,6,Apidae,Bombus,rufonictus,,,,
145,WP3,13:58,21-07-2025,6,Apidae ,Melissodes,,,,,
61,GP1,13:32,27-05-2025,1,Colletidae,Colletes,,,,,
55,WT2,12:23,30-05-2025,1,Colletidae,Hylaeus,,,,2nd,
55,WT2,12:37,30-05-2025,1,Colletidae,Hylaeus,,,,,
55,WT2,12:55,30-05-2025,1,Colletidae,Hylaeus,,,,,
61,GP1,13:32,17-05-2025,1,Colletidae,Colletes,,,,,
55,WT2,10:47,03-06-2025,2,Colletidae,Hylaeus,,,,,
55,WT2,11:06,03-06-2025,2,Colletidae,Hylaeus,,,HD,,
21,WN1,13:12,03-06-2025,2,Colletidae,Hylaeus,,,HD,,
56,WP1,14:10,03-06-2025,2,Colletidae,Hylaeus,,,,,
56,WP1,14:16,03-06-2025,2,Colletidae,Hylaeus,,,,,
44,DP3,13:48,17-06-2025,2,Colletidae,Hylaeus,,,,,
42,WT3,13:15,20-06-2025,3,Colletidae,Hylaeus,,,,,
42,WT3,13:26,20-06-2025,3,Colletidae,Hylaeus,,,,,
42,WT3,13:32,20-06-2025,3,Colletidae,Hylaeus,,,,,
42,WT3,13:34,20-06-2025,3,Colletidae,Hylaeus,,,,,
23,WN3,14:14,20-06-2025,3,Colletidae,Hylaeus,,,,,
42,DP3,11:11,02-07-2025,4,Colletidae,Hylaeus,,,,,
42,DP3,11:30,02-07-2025,4,Colletidae,Hylaeus,,,,1st,
104,DT1,12:26,02-07-2025,4,Colletidae,Hylaeus,,,,,
42,WT3,12:30,03-07-2025,4,Colletidae,Hylaeus,,,,,
122,DP2,11:55,04-07-2025,4,Colletidae,Hylaeus,,,,,
107,DT2,12:40,04-07-2025,4,Colletidae,Hylaeus,,,,,
111,GT3,13:39,08-07-2025,4,Colletidae,Hylaeus,,,,,
134,WT1,13:46,10-07-2025,5,Colletidae,Hylaeus,,,,,
134,WT1,13:50,10-07-2025,5,Colletidae,Hylaeus,,,,,
134,WT1,13:56,10-07-2025,5,Colletidae,Hylaeus,,,,,
134,WT1,13:57,10-07-2025,5,Colletidae,Hylaeus,,,,,
134,GP1,15:06,12-07-2025,5,Colletidae,Hylaeus,,,,,
134,GP1,15:15,12-07-2025,5,Colletidae,Hylaeus,,,,,
134,GP1,15:18,12-07-2025,5,Colletidae,Hylaeus,,,,,
134,GP1,15:20,12-07-2025,5,Colletidae,Hylaeus,,,,,
134,GT1,11:16,16-07-2025,5,Colletidae,Hylaeus,,,,,
115,GT3,13:06,16-07-2025,5,Colletidae,Hylaeus,,,,,
134,GP1,14:58,12-07-2025,5,Colletidae,Hylaeus,,,,,
25,DT3,15:11,18-07-2025,6,Colletidae,Hylaeus,,,,,
152,WT3,15:13,21-07-2025,6,Colletidae,Hylaeus,,,,,
134,GT1,11:05,24-07-2025,6,Colletidae,Hylaeus,,,,,
134,GT1,11:07,24-07-2025,6,Colletidae,Hylaeus,,,,,
134,GT1,11:14,24-07-2025,6,Colletidae,Hylaeus,,,,,
134,GT1,11:15,24-07-2025,6,Colletidae,Hylaeus,,,,,
134,GT1,11:22,24-07-2025,6,Colletidae,Hylaeus,,,,,
134,GT1,11:28,24-07-2025,6,Colletidae,Hylaeus,,,,,
134,GT1,11:32,24-07-2025,6,Colletidae,Hylaeus,,,,,
134,GP2,13:40,24-07-2025,6,Colletidae,Hylaeus,,,,,
134,GP2,13:42 a,24-07-2025,6,Colletidae,Hylaeus,,,,,
134,GP2,13:42 b,24-07-2025,6,Colletidae,Hylaeus,,,,,
134,GP2,13:42 c,24-07-2025,6,Colletidae,Hylaeus,,,,,
134,GT1,11:36,24-07-2025,6,Colletidae,Hylaeus,,,,,
134,GP2,13:39,24-07-2025,6,Colletidae,Hylaeus,,,,,
134,GP2,0:00,24-07-2025,6,Colletidae,Hylaeus,,,,,
134,GP2,13:50 1,24-07-2025,6,Colletidae,Hylaeus,,,,,
134,GP2,13:50 2,24-07-2025,6,Colletidae,Hylaeus,,,,,
134,GP2,13:53,24-07-2025,6,Colletidae,Hylaeus,,,,,
134,GP2,14:01,24-07-2025,6,Colletidae,Hylaeus,,,,,
159,DP4,10:35,28-07-2025,8,Apidae,Melissodes,,,,,
161,GT2,11:21,29-07-2025,6,Colletidae,Hylaeus,,,,,
161,GT2,11:45,29-07-2025,6,Colletidae,Hylaeus,,,,,
161,GT2,11:46,29-07-2025,6,Colletidae,Hylaeus,,,,,
161,GT2,11:47,29-07-2025,6,Colletidae,Hylaeus,,,,,
134,DT3,15:14,29-07-2025,6,Colletidae,Hylaeus,,,,,
134,DT3,15:15 1,29-07-2025,6,Colletidae,Hylaeus,,,,,
134,DT3,15:15 2,29-07-2025,6,Colletidae,Hylaeus,,,,,
134,DT3,15:25,29-07-2025,6,Colletidae,Hylaeus,,,,,
134,DT3,15:27,29-07-2025,6,Colletidae,Hylaeus,,,,,
134,DT3,15:40,29-07-2025,6,Colletidae,Hylaeus,,,,,
122,DT2,11:38,18-07-2025,5,Halictidae,Halictus,ligatus,,,,
145,WP3,13:45,21-07-2025,6,Halictidae,Halictus,ligatus,,,,
30,DP1,14:05,15-05-2025,1,Halictidae,Augochlorella,,,,,
22,DP1,13:50,15-05-2025,1,Halictidae,Lasioglossum,,,,,
30,DP1,14:04,15-05-2025,1,Halictidae,Augochlorella,,,,,
37,DT2,12:25,16-05-2025,1,Halictidae,Augochlorella,,,,,
38,DT2,12:41,16-05-2025,1,Halictidae,Augochlorella,,,,,
21,DT2,12:44,16-05-2025,1,Halictidae,Halictus,,,,,
52,WT1,11:25,26-05-2025,1,Halictidae,Lasioglossum,,,HD,,
52,WP1,14:26,26-05-2025,1,Halictidae,Lasioglossum,,,,,
56,WP1,14:37,26-05-2025,1,Halictidae,Lasioglossum,,,HD,,
21,GN1,10:42,27-05-2025,1,Halictidae,Lasioglossum,,,,,
21,GN1,10:42,27-05-2025,1,Halictidae,Lasioglossum,,,HD,,
64,WT2,12:57,30-05-2025,1,Halictidae,Augochlorella,,,,,
66,WT3,14:52,30-05-2025,1,Halictidae,Augochlorella,,,HD,,
26,DP2,13:49,02-06-2025,1,Halictidae,Augochlorella,,,HD,,
26,DP2,13:51,02-06-2025,1,Halictidae,Lasioglossum,,,,,
26,DP2,13:56,02-06-2025,1,Halictidae,Augochlorella,,,HD,,
26,DP2,13:57,02-06-2025,1,Halictidae,Augochlorella,,,,,
26,DP2,14:01,02-06-2025,1,Halictidae,Augochlorella,,,HD,1st,
26,DP2,14:01,02-06-2025,1,Halictidae,Augochlorella,,,HD,2nd,
26,DP2,14:06,02-06-2025,1,Halictidae,Augochlorella,,,HD,,
26,DP2,13:46,02-06-2025,1,Halictidae,Augochlora,,,,,
21,WN1,13:14,03-06-2025,2,Halictidae,Augochlorella ,,,,,
56,WP1,14:06,03-06-2025,2,Halictidae,Halictus,confusus,,HD,,
56,WP1,14:11,03-06-2025,2,Halictidae,Lasioglossum,,,HD,,
56,WT1,13:29,04-06-2025,2,Halictidae,Lasioglossum,,,,,
57,DP2,15:10,10-06-2025,2,Halictidae,Augochlorella,,,,,
57,DP2,15:14,10-06-2025,2,Halictidae,Lasioglossum,,,,,
57,DP2,15:19,10-06-2025,2,Halictidae,Lasioglossum,,,,,
22,DT2,15:10,11-06-2025,2,Halictidae,Lasioglossum,,,,,
44,GT2,13:59,16-06-2025,2,Halictidae,Lasioglossum,,,,,
74,GT3,10:20,17-06-2025,2,Halictidae,Halictus,ligatus,,,,
74,GT3,10:20,17-06-2025,2,Halictidae,Halictus,ligatus,,,,
96,DT3,16:12,17-06-2025,3,Halictidae,Lasioglossum,,,,,
42,WT3,13:14,20-06-2025,3,Halictidae,Augochlorella ,,,,,
112,GT3,11:32,30-06-2025,3,Halictidae,Halictus,ligatus,,,,
112,GT3,11:37,30-06-2025,3,Halictidae,Lasioglossum,,,,,
111,GT3,11:38,30-06-2025,3,Halictidae,Augochlorella ,,,,,
119,GT3,11:39,30-06-2025,3,Halictidae,Halictus,ligatus,,,,
115,GT3,11:45,30-06-2025,3,Halictidae,Halictus,ligatus,,,,
112,GT3,11:46,30-06-2025,3,Halictidae,Agapostemon,virescens,,,,
113,GT3,11:47,30-06-2025,3,Halictidae,Augochlorella,,,,,
115,GT3,11:52,30-06-2025,3,Halictidae,Augochlorella ,,,,,
112,GT3,11:54,30-06-2025,3,Halictidae,Agapostemon,virescens,,,,
112,GT3,11:59,30-06-2025,3,Halictidae,Augochlorella,,,,,
5,WT1,9:49,03-07-2025,4,Halictidae,Agapostemon,virescens,,,,
5,WT1,10:09,03-07-2025,4,Halictidae,Augochlorella,,,,,
42,WT3,12:36,03-07-2025,4,Halictidae,Lasioglossum,,,,,
42,WT3,12:38,03-07-2025,4,Halictidae,Augochlorella ,,,,,
5,DP2,11:59,04-07-2025,4,Halictidae,Halictus,ligatus,,,,
107,DT2,12:35,04-07-2025,4,Halictidae,Lasioglossum,,,,,
107,DT2,12:41,04-07-2025,4,Halictidae,Lasioglossum,,,,,
107,DT2,12:43,04-07-2025,4,Halictidae,Halictus,confusus,,,,
107,DT2,12:46,04-07-2025,4,Halictidae,Halictus,confusus,,,,
115,GT3,13:37,08-07-2025,4,Halictidae,Halictus,ligatus,,,,
117,GT3,13:40,08-07-2025,4,Halictidae,Halictus,ligatus,,,,
115,GT3,13:42,08-07-2025,4,Halictidae,Halictus,ligatus,,,,
123,GT3,13:49,08-07-2025,4,Halictidae,Halictus,ligatus,,,,
111,GT3,13:50,08-07-2025,4,Halictidae,Lasioglossum,imitatum,,,,
113,GT3,13:52,08-07-2025,4,Halictidae,Augochlorella ,,,,,
115,GT3,13:56,08-07-2025,4,Halictidae,Halictus,ligatus,,,,
111,GT3,13:59,08-07-2025,4,Halictidae,Lasioglossum,imitatum,,,,
113,GT3,14:02,08-07-2025,4,Halictidae,Augochlorella ,,,,,
124,GT2,16:56,08-07-2025,4,Halictidae,Lasioglossum,imitatum,,,,
127,GN1,10:27,09-07-2025,4,Halictidae,Lasioglossum,,,,,
132,GP1,12:12,09-07-2025,4,Halictidae,Lasioglossum,,,,,
133,WT3,12:26,10-07-2025,5,Halictidae,Augochlorella,,,,,
133,WT3,12:24,10-07-2025,5,Halictidae,Halictus,,,,,
137,DP3,13:20,11-07-2025,5,Halictidae,Lasioglossum,,,,,
137,DP3,13:34,11-07-2025,5,Halictidae,Agapostemon,virescens,,,,
124,GT2,13:41,12-07-2025,5,Halictidae,Agapostemon,virescens,,,,
124,GT2,13:44,12-07-2025,5,Halictidae,Lasioglossum,imitatum,,,,
5*,GP1,15:11,12-07-2025,5,Halictidae,Lasioglossum,,,,,
114,DP3,9:37 1,12-07-2025,8,Megachilidae,Megachile,,,,,
94,DT2,10:43,15-07-2025,5,Halictidae,Lasioglossum,,,,,
40,DT2,10:47,15-07-2025,5,Halictidae,Lasioglossum,,,,,
106,GT1,11:14,16-07-2025,5,Halictidae,Agapostemon,,,,,
5,GT1,11:19,16-07-2025,5,Halictidae,Lasioglossum,,,,,
13,GT1,11:41,16-07-2025,5,Halictidae,Lasioglossum,,,,,
115,GT3,13:03,16-07-2025,5,Halictidae,Halictus,ligatus,,,,
115,GT3,13:11,16-07-2025,5,Halictidae,Lasioglossum,,,,,
115,GT3,13:13,16-07-2025,5,Halictidae,Halictus,confusus,,,,
115,GT3,13:16,16-07-2025,5,Halictidae,Lasioglossum,,,,,
124,DP2,13:03,18-07-2025,5,Halictidae,Lasioglossum,,,,,
42,GT3,13:25,16-07-2025,5,Halictidae,Augochlorella ,,,,,
?,DT2,11:35,18-07-2025,5,Halictidae,Augochlorella ,,,,,
122,DT2,11:59,18-07-2025,5,Halictidae,Augochlorella ,,,,,
?,DT2,12:00,18-07-2025,5,Halictidae,Augochlorella ,,,,,
5,GT1,11:20,16-07-2025,5,Halictidae,Agapostemon,virescens,,,,
115,GT3,13:24,16-07-2025,5,Halictidae,Halictus,ligatus,,,,
115,GT3,13:03 1,16-07-2025,5,Halictidae,Halictus,ligatus,,,,
115,GT3,13:03,16-07-2025,5,Halictidae,Halictus,ligatus,,,,
115,GT3,13:08,16-07-2025,5,Halictidae,Halictus,ligatus,,,,
68,WT3,14:57,16-07-2025,6,Megachilidae ,Megachile,,,,,
159,DP3,10:26,16-07-2025,6,Megachilidae ,Megachile,,,,,
112,GT2,13:53,12-07-2025,5,Halictidae,Halictus,ligatus,,,,
169,DP2,15:28,15-07-2025,5,Halictidae,Halictus,ligatus,,,,
115,GT3,13:18,16-07-2025,5,Halictidae,Halictus,ligatus,,,,
115,GT3,13:17,16-07-2025,5,Halictidae,Halictus,confusus,,,,
115,GT3,13:13,16-07-2025,5,Halictidae,Halictus,confusus,,,,
42,GT3,13:20,16-07-2025,5,Megachilidae,Hoplitis ,truncata,,,,
68,WN1,11:45,16-07-2025,6,Megachilidae,Megachile,,,,,
146,GT3,11:21,16-07-2025,7,Megachilidae,Megachile,,,,,
? ,DT2,11:53,18-07-2025,5,Halictidae,Halictus,confusus,,,,
5,GP1,15:11,12-07-2025,5,Halictidae,Lasioglossum,,,,,
139,DN2,11:07,18-07-2025,5,Halictidae,Lasioglossum,,,,,
145,WP3,13:49,21-07-2025,6,Halictidae,Lasioglossum,,,,,
152,WT3,14:56,21-07-2025,6,Halictidae,Lasioglossum,,,,,
152,WT3,15:08,21-07-2025,6,Halictidae,Lasioglossum,,,,,
152,WT3,15:04,21-07-2025,6,Halictidae,Lasioglossum,,,,,
174,GP3,11:06,21-07-2025,8,Megachilidae ,Heriades,,,,,
114,DP3,10:35 b,21-07-2025,7,Megachilidae,Megachile,,,,,
169,DP2,15:36,22-07-2025,7,Halictidae ,Agapostemon,,,,,
169,DP2,15:39,22-07-2025,7,Halictidae ,Agapostemon,,,,,
5,GT1,11:09,25-07-2025,6,Halictidae,Lasioglossum,,,,,
?,DT2,12:32,22-07-2025,6,Halictidae,Lasioglossum,,,,,
124,DT2,13:51,22-07-2025,6,Halictidae,Lasioglossum,,,,,
5,WT4,12:22,22-07-2025,8,Apidae,Bombus,,,,,
134,GT1,11:25,24-07-2025,6,Halictidae,Lasioglossum,,,,,
134,GT1,11:12,24-07-2025,6,Halictidae,Lasioglossum,,,,,
?,DT2,12:10,22-07-2025,6,Halictidae,Lasioglossum,,,,,
124,DP2,13:30,22-07-2025,6,Halictidae,Lasioglossum,,,,,
55,GN1,10:47,24-07-2025,6,Halictidae,Lasioglossum,,,,,
115,GT3,12:11,24-07-2025,6,Halictidae,Augochlorella ,,,,,
55,GN1,10:44,24-07-2025,6,Halictidae,Augochlorella ,,,,,
?,DT2,12:24,22-07-2025,6,Halictidae,Augochlorella ,,,,,
124,DP2,13:53,22-07-2025,6,Halictidae,Augochlorella ,,,,,
?,DT2,12:11,22-07-2025,6,Halictidae,Augochlorella ,,,,,
114,DP3,9:13 1,24-07-2025,8,Megachilidae,Megachile,,,,,
55,GN1,10:32,24-07-2025,6,Halictidae,Augochlorella ,,,,,
161,GT2,11:25,29-07-2025,6,Halictidae,Augochlora,,,,,
106,GT1,11:18,24-07-2025,6,Halictidae,Agapostemon,virescens,,,,
115,GT3,11:53,24-07-2025,6,Halictidae,Halictus,ligatus,,,,
160,GT2,11:35,29-07-2025,6,Halictidae,Halictus,ligatus,,,,
115,GT3,12:09,24-07-2025,6,Halictidae,Halictus,ligatus,,,,
160,GT3,11:45,29-07-2025,6,Halictidae,Halictus,ligatus,,,,
112,GT2,11:31,29-07-2025,6,Halictidae,Halictus,ligatus,,,,
106,WT1,11:04,21-07-2025,6,Halictidae,Halictus,ligatus,,,,
106,WT1,10:54,21-07-2025,6,Halictidae,Halictus,ligatus,,,,
160,WT1,11:39,21-07-2025,6,Halictidae,Halictus,ligatus,,,,
159,DP3,10:32,28-07-2025,8,Apidae,Apis,mellifera,,,,
112,GT2,11:25,29-07-2025,6,Halictidae,Halictus,ligatus,,,,
112,GT2,11:30,29-07-2025,6,Halictidae,Halictus,ligatus,,,,
160,GP2,13:41,24-07-2025,6,Halictidae,Halictus,ligatus,,,,
115,GT3,12:05,24-07-2025,6,Halictidae,Halictus,ligatus,,,,
115,GT3,11:56,24-07-2025,6,Halictidae,Halictus,ligatus,,,,
115,GT3,12:25,24-07-2025,6,Halictidae,Halictus,ligatus,,,,
106,WT1,10:51,21-07-2025,6,Halictidae,Halictus,ligatus,,,,
115,GT3,12:21,24-07-2025,6,Halictidae,Halictus,ligatus,,,,
115,GT3,12:14,24-07-2025,6,Halictidae,Halictus,ligatus,,,,
112,GT2,11:32,29-07-2025,6,Halictidae,Halictus,ligatus,,,,
152,WT3,15:10,21-07-2025,6,Halictidae,Halictus,confusus,,,,
122,DT2,12:24,22-07-2025,6,Halictidae,Halictus,confusus,,,,
5,WT3,14:48,21-07-2025,6,Halictidae,Halictus,confusus,,,,
134,DT2,12:08,22-07-2025,6,Halictidae,Lasioglossum,,,,,
5,WT3,14:44,21-07-2025,6,Halictidae,Halictus,,,,,
134,DT2,12:12,22-07-2025,6,Halictidae,Halictus,rubucundis,,,,
115,GT3,12:06,24-07-2025,6,Halictidae,Halictus,rubucundis,,,,
152,WT3,15:02,21-07-2025,6,Halictidae,Lasioglossum,,,,,
154,GT3,11:13,07-08-2025,7,Apidae,Xylocopa ,Virginica ,,,,
156,GT3,11:34,07-08-2025,7,Apidae,Xylocopa ,Virginica ,,,,
146,GT3,11:07,07-08-2025,7,Apidae,Ceratina,,,,,
134,GP2,12:57,07-08-2025,7,Andrenidae,Perdita ,octamculata,,,,
160,GP2,12:54,07-08-2025,7,Apidae,Bombus,,,,,
146,GT3,11:06,07-08-2025,7,Apidae,Bombus,,,,,
146,GT3,11:06,07-08-2025,7,Apidae,Bombus,,,,,
146,GT3,11:10,07-08-2025,7,Apidae,Bombus,,,,,
160,GP2,13:16,07-08-2025,7,Apidae,Bombus,,,,,
154,GT3,11:19,07-08-2025,7,Apidae,Bombus,,,,,
154,GT3,11:26,07-08-2025,7,Apidae,Bombus,,,,,
124,GP2,12:57,07-08-2025,7,Apidae,Bombus,,,,,
124,GP2,13:02,07-08-2025,7,Apidae,Bombus,,,,,
160,GP2,13:07,07-08-2025,7,Apidae,Bombus,,,,,
160,GP2,13:09,07-08-2025,7,Apidae,Bombus,,,,,
160,GP2,13:17,07-08-2025,7,Apidae,Bombus,,,,,
124,GP2,13:32,07-08-2025,7,Apidae,Bombus,,,,,
134,GP2,12:58,07-08-2025,7,Colletidae,Hylaeus,,,,,
134,GP2,13:01,07-08-2025,7,Colletidae,Hylaeus,,,,,
134,GP2,13:02,07-08-2025,7,Colletidae,Hylaeus,,,,,
134,GP2,13:04,07-08-2025,7,Colletidae,Hylaeus,,,,,
134,GP2,13:03,07-08-2025,7,Colletidae,Hylaeus,,,,,
134,GP2,13:05,07-08-2025,7,Colletidae,Hylaeus,,,,,
134,GP2,13:06,07-08-2025,7,Colletidae,Hylaeus,,,,,
134,GP2,13:08,07-08-2025,7,Colletidae,Hylaeus,,,,,
134,GP2,13:09,07-08-2025,7,Colletidae,Hylaeus,,,,,
134,GP2,13:10,07-08-2025,7,Colletidae,Hylaeus,,,,,
134,GP2,13:11,07-08-2025,7,Colletidae,Hylaeus,,,,,
134,GP2,13:12,07-08-2025,7,Colletidae,Hylaeus,,,,,
134,GP2,13:15,07-08-2025,7,Colletidae,Hylaeus,,,,,
160,GP2,13:20,07-08-2025,7,Colletidae,Hylaeus,,,,,
134,GP2,13:18,07-08-2025,7,Colletidae,Hylaeus,,,,,
134,GP2,13:21 a,07-08-2025,7,Colletidae,Hylaeus,,,,,
134,GP2,13:21 b,07-08-2025,7,Colletidae,Hylaeus,,,,,
134,GT1,14:25 3,07-08-2025,7,Colletidae,Hylaeus,,,,,
134,GT1,14:25 4,07-08-2025,7,Colletidae,Hylaeus,,,,,
134,GT1,14:31 a,07-08-2025,7,Colletidae,Hylaeus,,,,,
134,GT1,14:31 b,07-08-2025,7,Colletidae,Hylaeus,,,,,
134,GT1,14:36,07-08-2025,7,Colletidae,Hylaeus,,,,,
134,GT1,14:25 5,07-08-2025,7,Colletidae,Hylaeus,,,,,
134,GT1,14:28,07-08-2025,7,Colletidae,Hylaeus,,,,,
134,GT1,14:29,07-08-2025,7,Colletidae,Hylaeus,,,,,
134,GT1,14:33,07-08-2025,7,Colletidae,Hylaeus,,,,,
134,GT1,14:34,07-08-2025,7,Colletidae,Hylaeus,,,,,
134,GT1,14:36,07-08-2025,7,Colletidae,Hylaeus,,,,,
115,GT3,11:26,07-08-2025,7,Apidae ,Melissodes,mellifera,,,,
134,GT1,14:46 1,07-08-2025,7,Colletidae,Hylaeus,,,,,
134,GT1,14:46 2,07-08-2025,7,Colletidae,Hylaeus,,,,,
115,GP2,13:12,07-08-2025,7,Halictidae,Halictus,ligatus,,,,
114,DP3,10:40 1,07-08-2025,7,Megachilidae,Megachile,,,,,
145,GT3,11:14,07-08-2025,7,Halictidae,Halictus,ligatus,,,,
115,GT3,11:22a,07-08-2025,7,Halictidae,Halictus,ligatus,,,,
154,GT3,11:34,07-08-2025,7,Halictidae,Halictus,ligatus,,,,
115,GT3,11:35,07-08-2025,7,Halictidae,Halictus,ligatus,,,,
115,GT3,11:25,07-08-2025,7,Halictidae,Halictus,ligatus,,,,
5,GT1,14:18,07-08-2025,7,Halictidae,Halictus,confusus,,,,
104,DT1,12:14,07-08-2025,7,Halictidae,Lasioglossum,,,,,
5,WT4,12:10,07-08-2025,8,Halictidae,Lasioglossum,,,,,
55,GT1,14:43,07-08-2025,7,Megachilidae,Anthidium,,,,,
55,DT2,14:53,07-08-2025,7,Megachilidae,Anthidium,,,,,
134,GP2,14:08,07-08-2025,6,Megachilidae,Hariades,,,,,
160,GP2,13:15,07-08-2025,7,Apidae,Apis,mellifera,,,,
160,GP2,13:17,07-08-2025,7,Apidae,Apis,mellifera,,,,
5,WT4,11:48,08-08-2025,7,Colletidae,Hylaeus,,,,,
5,WT4,11:50,08-08-2025,7,Colletidae,Hylaeus,,,,,
5,WT4,11:54,08-08-2025,7,Colletidae,Hylaeus,,,,,
5,WT4,12:08,08-08-2025,7,Colletidae,Hylaeus,,,,,
5,WT4,11:49,08-08-2025,7,Halictidae,Halictus,confusus,,,,
169,DP2,14:11,11-08-2025,8,Halictidae,Agapostemon,,,,,
114,DP3,11:03,12-08-2025,7,Colletidae,Hylaeus,,,,,
163,DP3,10:40 2,12-08-2025,7,Megachilidae,Megachile,,,,,
114,DP3,10:49 b,12-08-2025,7,Megachilidae,Megachile,,,,,
114,DP3,10:57,12-08-2025,7,Megachilidae,Megachile,,,,,
114,DP3,10:59 2,12-08-2025,7,Megachilidae,Megachile,,,,,
114,DP3,11:02,12-08-2025,7,Megachilidae,Megachile,,,,,
169,DP2,15:29,12-08-2025,7,Megachilidae,Megachile,,,,,
134,GT1,14:25 2,12-08-2025,7,Megachilidae,Anthidium,,,,,
28,WT3,10:36,12-08-2025,8,Halictidae,Lasioglossum,,,,3,
114,DP3,10:44,12-08-2025,7,Halictidae,Halictus,ligatus,,,,
114,DP3,10:59 B,12-08-2025,7,Apidae,Apis,mellifera,,,,
114,DP3,10:51,12-08-2025,7,Halictidae,Halictus,ligatus,,,,
114,GP2,10:34,12-08-2025,7,Apidae,Bombus,,,,,
114,GP2,10:34,12-08-2025,7,Apidae,Bombus,,,,,
114,DP3,10:35 AM,12-08-2025,7,Apidae,Bombus,,,,,
163,DP3,10:38,12-08-2025,7,Apidae,Bombus,,,,,
163,DP3,10:44,12-08-2025,7,Apidae,Bombus,,,,,
114,DP3,10:47,12-08-2025,7,Apidae,Bombus,,,,,
163,DP3,10:47,12-08-2025,7,Apidae,Bombus,,,,,
114,DP3,10:49,12-08-2025,7,Apidae,Bombus,,,,,
114,DP3,10:54,12-08-2025,7,Apidae,Bombus,,,,,
114,DP3,10:56,12-08-2025,7,Apidae,Bombus,,,,,
163,DP3,10:57,12-08-2025,7,Apidae,Bombus,,,,,
169,DP2,15:27,15-08-2025,7,Apidae,Apis,mellifera,,,,
169,DP2,15:45,15-08-2025,7,Apidae,Apis,mellifera,,,,
169,DP2,15:45,15-08-2025,7,Apidae,Apis,mellifera,,,,
164,GT2,10:32,15-08-2025,7,Apidae,Bombus,,,,,
169,DP2,15:19,15-08-2025,7,Apidae,Bombus,,,,,
169,DP2,15:21,15-08-2025,7,Apidae,Bombus,,,,,
169,DP2,15:33,15-08-2025,7,Apidae,Bombus,,,,,
169,DP2,15:38,15-08-2025,7,Apidae,Bombus,,,,,
169,DP2,15:45,15-08-2025,7,Apidae,Bombus,,,,,
164,GT2,10:35,15-08-2025,7,Colletidae,Hylaeus,,,,,
164,GT2,10:47,15-08-2025,7,Colletidae,Hylaeus,,,,,
164,GT2,10:52,15-08-2025,7,Colletidae,Hylaeus,,,,,
164,GT2,10:53,15-08-2025,7,Colletidae,Hylaeus,,,,,
164,GT2,11:03,15-08-2025,7,Colletidae,Hylaeus,,,,,
134,DT2,14:33,15-08-2025,7,Colletidae,Hylaeus,,,,,
134,DT2,14:34 1,15-08-2025,7,Colletidae,Hylaeus,,,,,
134,DT2,14:34 2,15-08-2025,7,Colletidae,Hylaeus,,,,,
134,DT2,14:37,15-08-2025,7,Colletidae,Hylaeus,,,,,
134,DT2,14:40,15-08-2025,7,Colletidae,Hylaeus,,,,,
134,DT2,14:42,15-08-2025,7,Colletidae,Hylaeus,,,,,
134,DT2,14:47 1,15-08-2025,7,Colletidae,Hylaeus,,,,,
134,DT2,14:47 2,15-08-2025,7,Colletidae,Hylaeus,,,,,
134,DT2,14:52,15-08-2025,7,Colletidae,Hylaeus,,,,,
134,DT2,14:55,15-08-2025,7,Colletidae,Hylaeus,,,,,
164,GT2,10:55,15-08-2025,7,Halictidae,Halictus,ligatus,,,,
55,GT1,14:40,15-08-2025,7,Megachilidae,Anthidium,,,,,
5,GP1,15:16,15-08-2025,6,Megachilidae,Hariades,,,,,
56,WP1,14:17,15-08-2025,2,Megachilidae,Osmia,,,,,
134,DT2,14:32,15-08-2025,7,Halictidae,Halictus,confusus,,,,
102,DT2,14:51,15-08-2025,7,Halictidae,Lasioglossum,,,,,
76?,GT3,10:22,15-08-2025,2,Megachilidae,Megachile,,,,,
164,GT2,10:37,15-08-2025,7,Halictidae,Lasioglossum,anomalum ,,,,
134,DT2,14:29,15-08-2025,7,Halictidae,Halictus,ligatus,,,,
134,DT2,14:41,15-08-2025,7,Halictidae,Halictus,ligatus,,,,
25,GT2,10:37,15-08-2025,7,Halictidae,Agapostemon,,,,,
170,DP2,15:29,15-08-2025,7,Halictidae,Agapostemon,,,,,
167,DP2,15:20,15-08-2025,7,Halictidae,Agapostemon,,,,,m 
169,DP2,15:25,15-08-2025,7,Halictidae,Agapostemon,,,,,
169,DP2,15:35,15-08-2025,7,Halictidae,Agapostemon,,,,,
169,DP2,15:42,15-08-2025,7,Halictidae,Agapostemon,,,,,
169,DP2,15:46,15-08-2025,7,Halictidae,Agapostemon,,,,,
25,GT2,10:43,15-08-2025,7,Apidae,Ceratina,,,,,
175,WT3,15:57,17-08-2025,7,Halictidae,Augochlorella ,,,,,
174,WP3,14:52,18-08-2025,7,Apidae,Melissodes,,,,,
174,WP3,15:08,18-08-2025,7,Apidae,Melissodes,,,,,
174,WP3,14:50 b,18-08-2025,7,Apidae,Melissodes,,,,,
175,WT3,16:12,18-08-2025,7,Apidae,Colletes,,,,,
175,WT3,16:07,18-08-2025,7,Apidae,Colletes,,,,,
175,WT3,15:55,18-08-2025,7,Apidae,Colletes,,,,,
175,WT3,15:47,18-08-2025,7,Apidae,Colletes,,,,,
175,WT3,15:50,18-08-2025,7,Apidae,Colletes,,,,,
17,WP3,15:08,18-08-2025,7,Halictidae,Halictus,ligatus,,,,
174,WP3,15:16a,18-08-2025,7,Halictidae,Halictus,ligatus,,,,
174,WP3,14:56 b,18-08-2025,7,Halictidae,Halictus,ligatus,,,,
174,WP3,14:57 b,18-08-2025,7,Halictidae,Halictus,ligatus,,,,
174,WP3,14:50 d,18-08-2025,7,Halictidae,Halictus,ligatus,,,,
175,WT3,16:00,18-08-2025,7,Colletidae,Hylaeus,,,,,
175,WT3,16:04,18-08-2025,7,Colletidae,Hylaeus,,,,,
174,WP3,15:18,18-08-2025,7,Halictidae,Halictus,confusus,,,,
174,WP3,14:57 a,18-08-2025,7,Halictidae,Halictus,ligatus,,,,
174,WP3,14:52,18-08-2025,7,Halictidae,Halictus,ligatus,,,,
174,WP3,14:56 c,18-08-2025,7,Halictidae,Halictus,ligatus,,,,
173,WP3,14:57 d,18-08-2025,7,Halictidae,Halictus,ligatus,,,,
174,WP3,14:59 b,18-08-2025,7,Halictidae,Halictus,ligatus,,,,
174,WP3,15:02,18-08-2025,7,Halictidae,Halictus,ligatus,,,,
175,WT3,16:09,18-08-2025,7,Halictidae,Lasioglossum,,,,,
175,WT3,16:10,18-08-2025,7,Halictidae,Lasioglossum,,,,,
175,WT3,15:56,18-08-2025,7,Halictidae,Lasioglossum,,,,1,
175,WT3,15:59,18-08-2025,7,Halictidae,Lasioglossum,,,,,
175,WT3,16:02,18-08-2025,7,Halictidae,Lasioglossum,,,,2,
175,WT3,15:52,18-08-2025,7,Halictidae,Lasioglossum,,,,2,
175,WT3,15:52,18-08-2025,7,Halictidae,Lasioglossum,,,,1,
175,WT3,16:08,18-08-2025,7,Halictidae,Lasioglossum,,,,,
28,WT3,10:40 2,18-08-2025,8,Halictidae,Lasioglossum,,,,2,
183,DP2,10:17,18-08-2025,9,Halictidae,Agapostemon,,,,,
?,DT2,12:31,18-08-2025,6,Halictidae ,Augochlorella ,,,,,
?,DT2,12:25,18-08-2025,6,Halictidae ,Augochlorella ,,,,,
174,WP3,14:53 a,18-08-2025,7,Halictidae,Halictus,confusus,,,,
174,WP3,15:16 b,18-08-2025,7,Halictidae,Halictus,confusus,,,,
174,WP3,14:51 b,18-08-2025,7,Halictidae,Halictus,confusus,,,,
174,WP3,14:51 a,18-08-2025,7,Halictidae,Halictus,confusus,,,,
174,WP3,15:07,18-08-2025,7,Halictidae,Halictus,,,,,
174,WP3,15:08,18-08-2025,7,Halictidae,Halictus,,,,,
174,WP3,14:49,18-08-2025,7,Halictidae,Halictus,,,,,
174,WP3,14:57,18-08-2025,7,Halictidae,Halictus,,,,,
174,WP3,15:03,18-08-2025,7,Halictidae,Halictus,,,,,
115,GT3,11:22 b,07-08-2025,7,Halictidae,Halictus,,,,,
174,WP3,14:56 a,18-08-2025,7,Halictidae,Halictus,,,,,
174,WP3,15:14 a,18-08-2025,7,Halictidae,Halictus,,,,,
174,WP3,15:14 b,18-08-2025,7,Halictidae,Halictus,,,,,
174,WP3,15:17,18-08-2025,7,Halictidae,Halictus,,,,,
175,WT3,15:56 2,18-08-2025,7,Halictidae,Halictus,,,,,
175,WT3,15:50,18-08-2025,7,Halictidae,Lasioglossum,,,,2,
175,WT3,15:45,18-08-2025,7,Halictidae,Lasioglossum,,,,,
164,WP3,15:18,18-08-2025,7,Apidae,Apis,mellifera,,,,
175,WT3,15:43,18-08-2025,8,Apidae,Apis,mellifera,,,,
172,WP3,14:58,18-08-2025,7,Apidae,Bombus,,,,,
146,WP3,15:04,18-08-2025,7,Apidae,Bombus,,,,,
114,DP3,9:24,21-08-2025,8,Halictidae,Agapostemon,,,,,
169,DP3,9:33,21-08-2025,8,Halictidae,Agapostemon,,,,,
114,DP3,9:37,21-08-2025,8,Halictidae,Agapostemon,,,,,
48,DT3,13:04,21-08-2025,8,Halictidae,Agapostemon,,,,,
169,DP2,13:55 1,21-08-2025,8,Halictidae,Agapostemon,,,,,
169,DP2,14:03,21-08-2025,8,Halictidae,Agapostemon,,,,,
169,DP2,14:09 1,21-08-2025,8,Halictidae,Agapostemon,,,,,
169,DP2,13:55 2,21-08-2025,8,Halictidae,Agapostemon,,,,,
169,DP2,14:09 2,21-08-2025,8,Halictidae,Agapostemon,,,,,
172,WP3,9:55 2,21-08-2025,8,Megachilidae,Megachile,,,,,
170,WP3,10:02,21-08-2025,8,Megachilidae,Megachile,,,,,
28,WT3,10:31 1,21-08-2025,8,Halictidae,Lasioglossum,,,,1,
28,WT3,10:36,21-08-2025,8,Halictidae,Lasioglossum,,,,4,
160,DT1,11:04,21-08-2025,8,Halictidae,Lasioglossum,,,,,
176,WP3,10:00,21-08-2025,8,Halictidae,Lasioglossum,,,,2,
160,DT1,11:15,21-08-2025,8,Halictidae,lasioglossum,,,,,
160,GP3,11:27,21-08-2025,8,Halictidae,Lasioglossum,,,,,
134,DT2,15:31,21-08-2025,8,Halictidae,Lasioglossum,,,,,
160,DT1,11:00,21-08-2025,8,Halictidae,Lasioglossum,,,,,
176,WP3,10:04,22-08-2025,8,Halictidae,Lasioglossum,,,,,
160,DT1,11:03,21-08-2025,8,Halictidae,Lasioglossum,,,,,
170,DP2,13:58,21-08-2025,8,Halictidae,Halictus,,,,,
170,DP2,14:11 2,21-08-2025,8,Halictidae,Halictus,,,,,
160,DT1,11:08,21-08-2025,8,Halictidae,Halictus,,,,,
169,DP2,14:21,21-08-2025,8,Halictidae,Halictus,,,,,
172,WP3,9:51,21-08-2025,8,Halictidae,Halictus,,,,,
169,DP2,14:14 1,21-08-2025,8,Halictidae,Agapostemon,,,,,
169,DP2,14:14 2,21-08-2025,8,Halictidae,Agapostemon,,,,,
170,DP2,14:15,21-08-2025,8,Halictidae,Agapostemon,,,,,
169,DP2,14:16,21-08-2025,8,Halictidae,Agapostemon,,,,,
169,DP2,14:17,21-08-2025,8,Halictidae,Agapostemon,,,,,
169,DP2,14:22,21-08-2025,8,Halictidae,Agapostemon,,,,,
171,DT2,15:46,21-08-2025,8,Halictidae,Agapostemon,,,,,
160,DT1,11:01,21-08-2025,8,Colletidae,Hylaeus,,,,,
160,DT1,11:18,21-08-2025,8,Colletidae,Hylaeus,,,,,
160,DT1,11:29,21-08-2025,8,Colletidae,Hylaeus,,,,,
160,DT1,11:00,21-08-2025,8,Colletidae,Hylaeus,,,,,
124,DP3,9:10,21-08-2025,8,Apidae,Bombus,,,,,
114,DP3,9:10,21-08-2025,8,Apidae,Bombus,,,,,
114,DP3,9:12,21-08-2025,8,Apidae,Bombus,,,,,
114,DP3,9:13,21-08-2025,8,Apidae,Bombus,,,,,
114,DP3,9:15,21-08-2025,8,Apidae,Bombus,,,,,
114,DP3,9:16,21-08-2025,8,Apidae,Bombus,,,,,
169,DP3,9:18,21-08-2025,8,Apidae,Bombus,,,,,
114,DP3,9:21,21-08-2025,8,Apidae,Bombus,,,,,
114,DP3,9:23,21-08-2025,8,Apidae,Bombus,,,,,
114,DP3,9:25,21-08-2025,8,Apidae,Bombus,,,,,
114,DP3,9:34,21-08-2025,8,Apidae,Bombus,,,,,
114,DP3,9:34,21-08-2025,8,Apidae,Bombus,,,,,
114,DP3,9:36,21-08-2025,8,Apidae,Bombus,,,,,
178,DT3,13:17,21-08-2025,8,Apidae,Bombus,,,,,
169,DP2,13:59,21-08-2025,8,Apidae,Bombus,,,,,
169,DP2,14:02,21-08-2025,8,Apidae,Bombus,,,,,
169,DP2,14:07,21-08-2025,8,Apidae,Bombus,,,,,
169,DP2,14:17,21-08-2025,8,Apidae,Bombus,,,,,
114,DP3,9:19,21-08-2025,8,Apidae,Apis,mellifera,,,,
169,DP3,9:30,21-08-2025,8,Apidae,Apis,mellifera,,,,
134,DT2,15:17 a,21-08-2025,8,Apidae,Apis,mellifera,,,,
134,DT2,15:17 b,21-08-2025,8,Apidae,Apis,mellifera,,,,
28,WT3,10:48,22-08-2025,8,Apidae,Colletes,,,,,
28,WP3,10:33,22-08-2025,8,Apidae,Colletes,,,,,
28,WT3,10:27,22-08-2025,8,Apidae,Ceratina,,,,,
28,WT3,10:56,22-08-2025,8,Apidae,Melissodes,,,,,
176,WP3,9:49,22-08-2025,8,Colletidae,Hylaeus,,,,,
28,WT3,10:42,22-08-2025,8,Colletidae,Hylaeus,,,,,
28,WT3,10:29,22-08-2025,8,Colletidae,Hylaeus,,,,,
28,WT3,10:31 2,22-08-2025,8,Colletidae,Hylaeus,,,,,
28,WT3,10:36 1,22-08-2025,8,Colletidae,Hylaeus,,,,,
28,WT3,10:39,22-08-2025,8,Colletidae,Hylaeus,,,,,
28,WT3,10:43,22-08-2025,8,Colletidae,Hylaeus,,,,,
28,WT3,10:46,22-08-2025,8,Colletidae,Hylaeus,,,,,
28,WT3,10:50 1,22-08-2025,8,Colletidae,Hylaeus,,,,,
28,WT3,10:50 2,22-08-2025,8,Colletidae,Hylaeus,,,,,
28,WT3,10:54 2,22-08-2025,8,Colletidae,Hylaeus,,,,,
28,WT3,10:55 1,22-08-2025,8,Colletidae,Hylaeus,,,,,
28,WT3,10:55 4,22-08-2025,8,Colletidae,Hylaeus,,,,,
5,WT4,12:09,22-08-2025,8,Colletidae,Hylaeus,,,,,
5,WT4,12:20,22-08-2025,8,Colletidae,Hylaeus,,,,,
5,WT4,12:24,22-08-2025,8,Colletidae,Hylaeus,,,,,
28,WT4,12:26,22-08-2025,8,Colletidae,Hylaeus,,,,,
5,WT4,12:30,22-08-2025,8,Colletidae,Hylaeus,,,,,
172,WP3,9:57,22-08-2025,8,Halictidae,Agapostemon,,,,,
176,WP3,10:00,22-08-2025,8,Halictidae,Agapostemon,,,,,
176,WP3,10:06,22-08-2025,8,Halictidae,Agapostemon,,,,,
170,WP3,10:09,22-08-2025,8,Halictidae,Agapostemon,,,,,
172,WP3,10:09,22-08-2025,8,Halictidae,Agapostemon,,,,,
172,WP3,10:11,22-08-2025,8,Halictidae,Agapostemon,,,,,
172,WP3,10:14,22-08-2025,8,Halictidae,Agapostemon,,,,,
176,WP3,10:13,22-08-2025,8,Halictidae,Agapostemon,,,,,
5,WT4,12:05,22-08-2025,8,Halictidae,Agapostemon,,,,,
48,DT3,14:08,22-08-2025,8,Halictidae,Agapostemon,,,,,
25,DT3,14:15,22-08-2025,8,Halictidae,Agapostemon,,,,,
25,DT3,14:18,22-08-2025,8,Halictidae,Agapostemon,,,,,
160,GT2,10:11,22-08-2025,8,Halictidae,Agapostemon,,,,,
160,DT1,11:13,22-08-2025,8,Halictidae,Lasioglossum,,,,,
28,WT3,10:38,22-08-2025,8,Halictidae,Halictus,ligatus,,,,
170,WP3,10:16,22-08-2025,8,Halictidae,Halictus,ligatus,,,,
172,WP3,9:54,22-08-2025,8,Halictidae,Halictus,ligatus,,,,
176,WP3,9:47,22-08-2025,8,Halictidae,Halictus,confusus,,,,
114,DP3,9:28,22-08-2025,8,Halictidae,Halictus,confusus,,,,
172,WP3,9:53,22-08-2025,8,Halictidae,Halictus,,,,,
176,WP3,10:05,22-08-2025,8,Halictidae,Halictus,,,,,
170,WP3,10:05,22-08-2025,8,Halictidae,Halictus,,,,,
28,WT3,10:30,22-08-2025,8,Halictidae,Halictus,,,,,
28,WT3,10:34,22-08-2025,8,Halictidae,Halictus,,,,,
28,WT3,10:49,22-08-2025,8,Halictidae,Halictus,,,,,
28,WT3,10:52,22-08-2025,8,Halictidae,Halictus,,,,,
28,WT3,10:54 1,22-08-2025,8,Halictidae,Halictus,,,,,
28,WT3,10:55 5,22-08-2025,8,Halictidae,Halictus,,,,,
5,WT4,12:23,22-08-2025,8,Halictidae,Halictus,,,,,
183,DP2,10:09,22-08-2025,8,Halictidae,Halictus,,,,,
28,WT3,10:36,22-08-2025,8,Halictidae,Lasioglossum,,,,2,
28,WT3,10:55,22-08-2025,8,Halictidae,Lasioglossum,,,,2,
28,WT3,10:40,22-08-2025,8,Halictidae,Lasioglossum,,,,1,
156,GT3,11:13,22-08-2025,7,Halictidae,Lasioglossum,,,,,
5,WT4,12:05,22-08-2025,8,Halictidae,Lasioglossum,,,,,
175,WT3,15:43,22-08-2025,8,Halictidae,Lasioglossum,,,,,
175,WT3,16:02,22-08-2025,8,Halictidae,Lasioglossum,,,,1,
174,GP3,11:35,22-08-2025,8,Megachilidae,Megachile,,,,,
174,GP3,11:12,22-08-2025,8,Megachilidae,Coelioxys,,,,,
5,WT4,12:07,22-08-2025,8,Halictidae,Lasioglossum,,,,,
174,WP3,14:52,22-08-2025,7,Halictidae,Lasioglossum,,,,,
175,WT3,15:48,22-08-2025,7,Halictidae,Lasioglossum,,,,,
183,DP2,10:23,22-08-2025,9,Halictidae,Agapostemon,,,,,
176,WP3,9:47,22-08-2025,8,Apidae,Apis,mellifera,,,,
176,WP3,9:50,22-08-2025,8,Apidae,Apis,mellifera,,,,
172,WP3,9:53,22-08-2025,8,Apidae,Apis,mellifera,,,,
176,WP3,9:59,22-08-2025,8,Apidae,Xylocopa,virginica,,,,
172,WP3,9:55,22-08-2025,8,Apidae,Bombus,,,,,
174,GP3,11:14 2,27-08-2025,8,Apidae,Ceratina,,,,,
174,GP3,11:30,27-08-2025,8,Apidae,Ceratina,,,,,
174,GP3,11:32,27-08-2025,8,Apidae,Ceratina,,,,,
160,GT2,10:33,27-08-2025,8,Apidae,Melissodes,,,,,
174,GP3,11:16 1,27-08-2025,8,Apidae,Melissodes,,,,,
174,GP3,11:22,27-08-2025,8,Apidae,Melissodes,,,,,
174,GP3,11:33 1,27-08-2025,8,Apidae,Melissodes,,,,,
174,GP3,11:33 b*,27-08-2025,8,Apidae,Melissodes,,,,,
174,GP3,11:34,27-08-2025,8,Apidae,Melissodes,,,,,
160,GT2,10:12,27-08-2025,8,Apidae,Melissodes,,,,,
112,GT2,10:19,27-08-2025,8,Apidae,Melissodes,,,,,
160,GT2,10:31,27-08-2025,8,Colletidae,Hylaeus,,,,,
160,GT2,10:38,27-08-2025,8,Colletidae,Hylaeus,,,,,
174,GP3,11:07,27-08-2025,8,Colletidae,Hylaeus,,,,,
134,GP3,11:23,27-08-2025,8,Colletidae,Hylaeus,,,,,
94,GT3,13:27 2,27-08-2025,8,Colletidae,Hylaeus,,,,,
94,GT3,13:42,27-08-2025,8,Colletidae,Hylaeus,,,,,
174,GP3,11:15,27-08-25,9,Apidae,Halictidae,Agapostemon,,,,f
146,GT3,13:45,27-08-2025,8,Halictidae,Agapostemon,,,,,
28,WT3,10:37,27-08-2025,8,Halictidae,Halictus,ligatus,,,,
174,GP3,11:13,27-08-2025,8,Megachilidae,Heriades,,,,,
174,GP3,11:14 1,27-08-2025,8,Megachilidae,Hariades,,,,,
174,GP3,11:16 2,27-08-2025,8,Megachilidae,Hariades,,,,,
42,GT3,13:14,27-08-2025,5,Megachilidae ,Megachile ,,,,,
114,GT3,13:24,27-08-2025,5,Megachilidae ,Megachile ,,,,,
165,GT2,10:14,27-08-2025,8,Apidae,Apis,mellifera,,,,
94,GT3,13:18,27-08-2025,8,Apidae,Apis,mellifera,,,,
94,GT3,13:22,27-08-2025,8,Apidae,Apis,mellifera,,,,
94,GT3,13:26,27-08-2025,8,Apidae,Apis,mellifera,,,,
28,WT3,10:44,27-08-2025,8,Halictidae,Lasioglossum,,,,,
160,GT2,10:35,27-08-2025,8,Andrenidae,Andrena,,,,,
160,GP3,11:21,27-08-2025,8,Andrenidae,Andrena,,,,,
160,GT2,10:22,27-08-2025,8,Apidae,Bombus,,,,,
182,GT2,10:29,27-08-2025,8,Apidae,Bombus,,,,,
165,GT2,10:38,27-08-2025,8,Apidae,Bombus,,,,,
174,GP3,11:10,27-08-2025,8,Apidae,Bombus,,,,,
174,GP3,11:25,27-08-2025,8,Apidae,Bombus,,,,,
174,GP3,11:28,27-08-2025,8,Apidae,Bombus,,,,,
146,GT3,13:18,27-08-2025,8,Apidae,Bombus,,,,,
146,GT3,13:20,27-08-2025,8,Apidae,Bombus,,,,,
94,GT3,13:25,27-08-2025,8,Apidae,Bombus,,,,,
94,GT3,13:26,27-08-2025,8,Apidae,Bombus,,,,,
94,GT3,13:29,27-08-2025,8,Apidae,Bombus,,,,,
94,GT3,13:30,27-08-2025,8,Apidae,Bombus,,,,,
146,GT3,13:38,27-08-2025,8,Apidae,Bombus,,,,,
94,GT3,13:31,27-08-2025,8,Apidae,Bombus,,,,,
94,GT3,13:41,27-08-2025,8,Apidae,Bombus,,,,,
94,GT3,13:27,27-08-2025,8,Apidae,Apis,mellifera,,,,
158,DP3,10:23,27-08-2025,8,Apidae,Apis,mellifera,,,,
160,GP3,11:17,27-08-2025,8,Apidae,Melissodes,,,,,
160,GT2,10:29,27-08-2025,8,Apidae,Colletes,,,,,
160,GT2,10:25,27-08-2025,8,Apidae,Colletes,,,,,
160,GT2,10:13,27-08-2025,8,Apidae,Colletes,,,,,
106,DT2,11:34,30-08-2025,9,Halictidae,Agapostemon,,,,,
106,DT2,11:49,30-08-2025,9,Halictidae,Agapostemon,,,,,
185,DT2,11:52,30-08-2025,9,Halictidae,Agapostemon,,,,,m 
183,DP2,9:59,30-08-2025,9,Halictidae,Halictus,ligatus,,,,
183,DP2,10:05,30-08-2025,9,Halictidae,Halictus,ligatus,,,,
183,DP2,10:11,30-08-2025,9,Halictidae,Halictus,ligatus,,,,
183,DP2,10:18,30-08-2025,9,Halictidae,Halictus,ligatus,,,,
183,DP2,10:21,30-08-2025,9,Halictidae,Halictus,ligatus,,,,
183,DP2,10:25,30-08-2025,9,Halictidae,Halictus,ligatus,,,,
106,DT2,11:35,30-08-2025,9,Halictidae,Lasioglossum,,,,,
134,GT1,14:35,30-08-2025,7,Halictidae,Lasioglossum,,,,,
134,DT2,11:40,30-08-2025,9,Halictidae,Lasioglossum,,,,,
183,DP2,9:56,30-08-2025,9,Apidae,Apis,mellifera,,,,
183,DP2,9:59,30-08-2025,9,Apidae,Apis,mellifera,,,,
183,DP2,9:59,30-08-2025,9,Apidae,Apis,mellifera,,,,
183,DP2,10:03,30-08-2025,9,Apidae,Apis,mellifera,,,,
183,DP2,10:05,30-08-2025,9,Apidae,Apis,mellifera,,,,
183,DP2,10:20,30-08-2025,9,Apidae,Apis,mellifera,,,,
183,DP2,10:21,30-08-2025,9,Apidae,Apis,mellifera,,,,
185,DT2,11:35,30-08-2025,9,Apidae,Apis,mellifera,,,,
135,DP4,13:22,30-08-2025,9,Apidae,Apis,mellifera,,,2,
135,DP4,13:30,30-08-2025,9,Apidae,Apis,mellifera,,,,
135,DP4,13:37,30-08-2025,9,Apidae,Apis,mellifera,,,,
160,DT1,11:22,30-08-2025,8,Halictidae,Lasioglossum,,,,,
114,DP3,9:21,30-08-2025,8,Halictidae,Lasioglossum,,,,1,
135,DP4,13:42 1,30-08-2025,9,Apidae,Melissodes,,,,,
183,DP2,9:57,30-08-2025,9,Apidae,Bombus,,,,,
183,DP2,9:57,30-08-2025,9,Apidae,Bombus,,,,,
183,DP2,10:00,30-08-2025,9,Apidae,Bombus,,,,,
183,DP2,10:02,30-08-2025,9,Apidae,Bombus,,,,,
183,DP2,10:02,30-08-2025,9,Apidae,Bombus,,,,,
183,DP2,10:03,30-08-2025,9,Apidae,Bombus,,,,,
183,DP2,10:09,30-08-2025,9,Apidae,Bombus,,,,,
183,DP2,10:09,30-08-2025,9,Apidae,Bombus,,,,,
183,DP2,10:17,30-08-2025,9,Apidae,Bombus,,,,,
183,DP2,10:20,30-08-2025,9,Apidae,Bombus,,,,,
183,DP2,10:20,30-08-2025,9,Apidae,Bombus,,,,,
183,DP2,10:22,30-08-2025,9,Apidae,Bombus,,,,,
183,DP2,10:23,30-08-2025,9,Halictidae,Augochlorella,,,,1st,f
183,DP2,10:23,30-08-2025,9,Halictidae,Augochlorella,,,,2nd,f
183,DP2,10:25,30-08-2025,9,Apidae,Bombus,,,,,
135,DP4,13:19,30-08-2025,9,Apidae,Bombus,,,,,
135,DP4,13:19,30-08-2025,9,Apidae,Bombus,,,,,
135,DP4,13:19,30-08-2025,9,Apidae,Bombus,,,,,
135,DP4,13:19,30-08-2025,9,Apidae,Bombus,,,,,
135,DP4,13:20,30-08-2025,9,Apidae,Bombus,,,,,
135,DP4,13:21,30-08-2025,9,Apidae,Bombus,,,,,
135,DP4,13:21,30-08-2025,9,Apidae,Bombus,,,,2,m
135,DP4,13:21,30-08-2025,9,Apidae,Bombus,,,,,
135,DP4,13:22,30-08-2025,9,Apidae,Bombus,,,,,
135,DP4,13:22,30-08-2025,9,Apidae,Bombus,,,,,
135,DP4,13:22,30-08-2025,9,Apidae,Bombus,,,,,
135,DP4,13:24,30-08-2025,9,Apidae,Bombus,,,,,
135,DP4,13:24,30-08-2025,9,Apidae,Bombus,,,,2,
135,DP4,13:25,30-08-2025,9,Apidae,Bombus,,,,,
135,DP4,13:26,30-08-2025,9,Apidae,Bombus,,,,1,
135,DP4,13:26,30-08-2025,9,Apidae,Bombus,,,,2,
135,DP4,13:27,30-08-2025,9,Apidae,Bombus,,,,,
135,DP4,12:29,30-08-2025,9,Apidae,Bombus,,,,,
135,DP4,13:32,30-08-2025,9,Apidae,Bombus,,,,,
135,DP4,13:32,30-08-2025,9,Apidae,Bombus,,,,2,
135,DP4,13:32,30-08-2025,9,Apidae,Bombus,,,,,
135,DP4,13:34,30-08-2025,9,Apidae,Bombus,,,,,
135,DP4,13:35,30-08-2025,9,Apidae,Bombus,,,,,
135,DP4,13:35,30-08-2025,9,Apidae,Bombus,,,,,
135,DP4,13:40,30-08-2025,9,Apidae,Bombus,,,,,
135,DP4,13:41,30-08-2025,9,Apidae,Bombus,,,,,
135,DP4,13:42,30-08-2025,9,Apidae,Bombus,,,,,
135,DP4,13:42,30-08-2025,9,Apidae,Bombus,,,,,
135,DP4,13:44,30-08-2025,9,Apidae,Bombus,,,,,
135,DP4,13:45,30-08-2025,9,Apidae,Bombus,,,,2,m
135,DP4,13:47,30-08-2025,9,Apidae,Bombus,,,,,
183,DP2,10:09,30-08-2025,9,Apidae,Apis,mellifera,,,,
135,DP4,13:45 no1,30-08-2025,9,Apidae,Apis,mellifera,,,,
183,DP2,10:11 no3,30-08-2025,9,Apidae,Apis,mellifera,,,,
48,DT3,15:59,03-09-2025,9,Halictidae,Agapostemon,,,,,m 
51,DT3,15:59,03-09-2025,9,Apidae,Apis,mellifera,,,,
48,DT3,16:01,03-09-2025,9,Halictidae,Halictidae,,,,,m 
48,DT3,16:02,03-09-2025,9,Halictidae,Agapostemon,,,,,m 
48,DT3,16:03,03-09-2025,9,Halictidae,Agapostemon,,,,,m 
51,DT3,16:05,03-09-2025,9,Halictidae,Agapostemon,,,,,m 
51,DT3,16:11,03-09-2025,9,Halictidae,Agapostemon,,,,,m 
48,DT3,16:20,03-09-2025,9,Halictidae,Agapostemon,,,,,m 
51,DT3,16:22,03-09-2025,9,Apidae,Apis,mellifera,,,,
48,DT3,16:22,03-09-2025,9,Halictidae,Agapostemon,,,,,m 
145,WP3,13:19,08-09-2025,9,Apidae,Bombus,,,,,
145,WP3,13:23,08-09-2025,9,Apidae,Bombus,,,,,
148,WP3,13:56,08-09-2025,9,Apidae,Bombus,,,,,
160,WT3,14:34,08-09-2025,9,Apidae,Bombus,,,,,
160,WT3,14:36,08-09-2025,9,Apidae,Bombus,,,,,
160,WT3,14:46,08-09-2025,9,Apidae,Bombus,,,,,
145,WP3,13:08,08-09-2025,9,Apidae,Apis,mellifera,,,,
148,WP3,13:08,08-09-2025,9,Halictidae,Agapostemon,,,,,f
149,WP3,13:32,08-09-2025,9,Halictidae,Agapostemon,,,,,f 
148,WP3,13:24,08-09-2025,9,Halictidae,Agapostemon,,,,,m 
145,WP3,13:26,08-09-2025,9,Halictidae,Agapostemon,,,,1,m 
135,DP4,14:27,08-09-2025,9,Apidae,Melissodes,,,,2,f
185,WP3,13:28,08-09-2025,9,Apidae,Xylocopa,virginica,,,,
145,WP3,13:33,08-09-2025,9,Halictidae,Agapostemon,,,,,m 
135,DP4,13:42,08-09-2025,9,Apidae,Melissodes,,,,1,f
160,WT3,14:50,08-09-2025,9,Apidae,Apis,mellifera,,,,
28,WT4,16:05,08-09-2025,9,Apidae,Apis,mellifera,,,,
160,GT1,12:54,15-09-2025,9,Apidae,Bombus,,,,,
160,GT1,12:55,15-09-2025,9,Apidae,Bombus,,,,,
160,GT1,12:45,15-09-2025,9,Apidae,Bombus,,,,,
160,GT1,12:41,15-09-2025,9,Apidae,Bombus,,,,,
160,DT1,16:15,13-09-2025,9,Apidae,Bombus,,,,,
160,DT1,16:34,13-09-2025,9,Apidae,Bombus,,,,,
189,GT3,14:51,15-09-2025,9,Apidae,Bombus,,,,,
160,GP3,13:05,18-09-2025,9,Apidae,Bombus,,,,,
160,GP3,12:55,18-09-2025,9,Apidae,Bombus,,,,,
165,GT2,14:45,18-09-2025,9,Apidae,Bombus,,,,,
160,GP3,13:00,18-09-2025,9,Apidae,Bombus,,,,,
160,GP3,12:46,18-09-2025,9,Apidae,Bombus,,,,,
160,GP3,12:55,18-09-2025,9,Apidae,Bombus,,,,,
28,GP3,12:41,18-09-2025,9,Apidae,Bombus,,,,,
160,GP3,12:43,18-09-2025,9,Apidae,Bombus,,,,,
160,WT3,14:38,18-09-2025,9,Apidae,Bombus,,,,,
197,GT2,14:22,18-09-2025,9,Apidae,Bombus,,,,,
160,GT2,14:38,18-09-2025,9,Apidae,Bombus,,,,,
160,GP3,12:51,18-09-2025,9,Apidae,Apis,mellifera,,,,
160,GP3,13:00,18-09-2025,9,Apidae,Apis,mellifera,,,,
160,GP3,13:06,18-09-2025,9,Apidae,Apis,mellifera,,,,
171,GP3,13:07,18-09-2025,9,Apidae,Melissodes,,,,,f
197,GT2,14:22,18-09-2025,9,Apidae,Apis,mellifera,,,,
197,GT2,14:25 a,18-09-2025,9,Apidae,Apis,mellifera,,,,
197,GT2,14:25 b,18-09-2025,9,Apidae,Apis,mellifera,,,,
197,GT2,14:27,18-09-2025,9,Apidae,Apis,mellifera,,,,
160,GT2,14:27,18-09-2025,9,Apidae,Melissodes,,,,,m
197,GT2,14:31,18-09-2025,9,Apidae,Apis,mellifera,,,,
197,GT2,14:33,18-09-2025,9,Apidae,Apis,mellifera,,,,
164,WP3,13:26,30-09-2025,10,Halictidae,Augochlorini,,,,,
197,WP3,13:33,30-09-2025,10,Halictidae,Augochlorini,,,,,
28,WT3,14:22,30-09-2025,10,Apidae,Bombus,,,,,f
28,WT3,14:23,30-09-2025,10,Apidae,Bombus,,,,,f
202,GT1,12:17,14-10-2025,10,Halictidae,Agapostemon,,,,,f
197,DP2,11:47,06-10-2025,10,Apidae,Bombus,,,,,f