Site ,Date,Replicate,Genus,species,No_of_Flowering_Units,nativity
DP1,15-05-2025,1,Taraxacum,officinale,7,0
DP1,15-05-2025,1,Lamium,purpurneum,438,0
DP1,15-05-2025,1,Allaria,petiolata,303,0
DN1,15-05-2025,1,Taraxacum,officinale,3,0
DT1,15-05-2025,1,Taraxacum,officinale,8,0
DT2,16-05-2025,1,Taraxacum,officinale,4,0
DT2,16-05-2025,1,Cerastium,fontanum,53,0
DN2,16-05-2025,1,Taraxacum,officinale,131,0
DT3,16-05-2025,1,Geranium,maculatum,12,1
DN3,16-05-2025,1,Taraxacum,officinale,24,0
WT1,26-05-2025,1,Taraxacum,officinale,6,0
WT1,26-05-2025,1,Allaria,petiolata,192,0
WT1,26-05-2025,1,Cerastium,fontanum,16,0
WT1,26-05-2025,1,Fumaria,officinalis,6,0
WN1,26-05-2025,1,Taraxacum,officinale,2,0
WN1,26-05-2025,1,Cerastium,fontanum,52,0
WN1,26-05-2025,1,Medicago,lupulina,12,0
WP1,26-05-2025,1,Cerastium,fontanum,486,0
WP1,26-05-2025,1,Lepidium,draba,288,0
WP1,26-05-2025,1,Barbarea,vulgaris,277,0
GT1,27-05-2025,1,Allaria,petiolata,609,0
GN1,27-05-2025,1,Taraxacum,officinale,1,0
GP1,27-05-2025,1,Allaria,petiolata,46,0
GP1,27-05-2025,1,Myosostis,sylvatica,9210,0
GT2,27-05-2025,1,Zizia,aurea,16,1
GT2,27-05-2025,1,Aguillegia,canadensis,36,1
GN2,27-05-2025,1,Taraxacum,officinale,1,0
WT2,30-05-2025,1,Medicago,lupulina,74,0
WT2,30-05-2025,1,Trifolium,hybridum,3,0
WN2,30-05-2025,1,Cerastium,fontanum,23,0
WN2,30-05-2025,1,Medicago,lupulina,29,0
WT3,30-05-2025,1,Taraxacum,officinale,1,0
WT3,30-05-2025,1,Rhus,aromatica,474,1
WN3,30-05-2025,1,Trifolium,repens,2,0
DP2,02-06-2025,1,Zizia,aurea,759,0
WN2,03-06-2025,2,Cerastium,fontanum,21,0
WN2,03-06-2025,2,Medicago,lupulina,54,0
WT2,03-06-2025,2,Medicago,lupulina,15,0
WT2,03-06-2025,2,Trifolium,hybridum,275,0
WT1,03-06-2025,2,Myosostis,sylvatica,321,0
WN1,03-06-2025,2,Taraxacum,officinale,3,0
WN1,03-06-2025,2,Myosotis,sylvatica,2,0
WN1,03-06-2025,2,Trifolium,hybridum,193,0
WN1,03-06-2025,2,Trifolium,repens,12,0
WN1,03-06-2025,2,Cerastium,fontanum,11,0
WP1,03-06-2025,2,Lepidium,draba,141,0
WP1,03-06-2025,2,Senecio,vulgaris,28,0
WN3,03-06-2025,2,Trifolium,repens,13,0
WN3,03-06-2025,2,Verbena,stricta,1,1
WN3,03-06-2025,2,Medicago,lupulina,5,0
WT3,03-06-2025,2,Rhus,aromatica,229,1
WT3,03-06-2025,2,Taraxacum,officinale,1,0
DT3,04-06-2025,3,Anemone,canadensis,17,1
DT3,04-06-2025,3,Geranium,maculatum,10,1
DT3,04-06-2025,3,Medicago,lupulina,1,0
DT3,04-06-2025,3,Senecio,vulgaris,6,0
DN3,04-06-2025,3,Solidago,flexicaulis,7,1
WN1,08-06-2025,3,Trifolium,repens,4,0
WN1,08-06-2025,3,Medicago,lupulina,105,0
WN1,08-06-2025,3,Lotus,corniculatus,1,0
WT1,08-06-2025,3,Allaria,petiolata,122,0
WT1,08-06-2025,3,Myosotis,sylvatica,12,0
WT1,08-06-2025,3,Lucanthemum,vulgare,6,0
DP1,10-06-2025,2,Asclepias,verticillata,5,1
DP1,10-06-2025,2,Allaria,petiolata,2,0
DT1,10-06-2025,2,Asclepias,verticillata,143,1
DT1,10-06-2025,2,Barbarea,vulgaris,1268,0
DT2,11-06-2025,2,Trifolium,pratense,3,0
DT2,11-06-2025,2,Trifolium,repens,2,0
DT2,11-06-2025,2,Cerastium,fontanum,17,0
DT2,11-06-2025,2,Medicago,lupulina,512,0
DT2,11-06-2025,2,Convolvulus,arvensis,2,0
DT2,11-06-2025,2,Erigeron,sp,1,1
GT1,16-06-2025,2,Lotus,corniculatus,232,0
GT1,16-06-2025,2,Vicia,cracca,11,0
GN1,16-06-2025,2,Trifolium,repens,1,0
GN1,16-06-2025,2,Medicago,lupulina,20,0
GN2,16-06-2025,2,Trifolium,repens,2,0
GT2,16-06-2025,2,Anemone,canadensis,44,1
GP1,16-06-2025,2,Allium,cristophii,33,0
GP1,16-06-2025,2,Leucanthemum,vulgare,63,0
GP1,16-06-2025,2,Leucanthemum,vulgare,72,0
GP1,16-06-2025,2,Myosostis,sylvatica,768,0
GT3,17-06-2025,2,Leucanthemum,vulgare,118,0
GT3,17-06-2025,2,Allium,cristophii,6,0
GT3,17-06-2025,2,Lupinus,polyphyllus,2,0
GT3,17-06-2025,2,Lupinus,polyphyllus,4,0
GT3,17-06-2025,2,Brassica,rapa,9,0
GT3,17-06-2025,2,Achillea,filipendulina,117,0
GT3,17-06-2025,2,Medicago,lupulina,1,0
GT3,17-06-2025,2,Allium,tuberosum,1,0
GN3,17-06-2025,2,Medicago,lupulina,3,0
DP3,17-06-2025,2,Stachys,bzantia,15,0
DP3,17-06-2025,2,Nepeta,racemosa,653,0
DP3,17-06-2025,2,Asclepias,syriaca,12,1
DP3,17-06-2025,2,Stachys,bzantia,9,0
DN3,17-06-2025,3,Taraxacum,officinale,1,0
DT3,17-06-2025,3,Allium,schoenoprasum,9,0
DT3,17-06-2025,3,Penstemon,digitalis,10,0
DT3,17-06-2025,3,Erysimum,cheiranthoides,89,0
DT3,17-06-2025,3,Medicago,lupulina,139,0
DT3,17-06-2025,3,Achillea,millefolium,2,0
DT3,17-06-2025,3,Lysimachia,arvensis,7,0
WP1,19-06-2025,3,Lotus,corniculatus,510,0
WP1,19-06-2025,3,Securigera,varia,658,0
WP1,19-06-2025,3,Securigera,varia,54,0
WP1,19-06-2025,3,Trifolium,repens,3,0
WP1,19-06-2025,3,Medicago,lupulina,5,0
WP1,19-06-2025,3,Vicia,cracca,35,0
WN1,20-06-2025,3,Medicago,lupulina,117,0
WN1,20-06-2025,3,Lotus,corniculatus,16,0
WN1,20-06-2025,3,Trifolium,repens,4,0
WN1,20-06-2025,3,Trifolium,pratense,5,0
WN1,20-06-2025,3,Achillea,millefolium,2,0
WT1,20-06-2025,3,Medicago,lupulina,7,0
WT1,20-06-2025,3,Lucanthemum,vulgare,5,0
WT1,20-06-2025,3,Tripleurospernmum,inodorum,3,0
WT3,20-06-2025,3,Asclepias,syriaca,51,1
WN3,20-06-2025,3,Trifolium,repens,57,0
DP3,23-06-2025,3,Asclepias,syriaca,49,1
DP3,23-06-2025,3,Stachys,bzantia,122,0
DP3,23-06-2025,3,Nepeta,racemosa,32,0
DN1,23-06-2025,3,Ranunculus,acris,4,0
DT1,23-06-2025,3,Vicia,cracca,17,0
DT1,23-06-2025,3,Rosa,rugosa,3,0
GN1,24-06-2025,3,Trifolium,pratense,1,0
GN1,24-06-2025,3,Trifolium,repens,5,0
GN1,24-06-2025,3,Medicago,lupulina,62,0
GT1,24-06-2025,3,Asclepias,syriaca,15,1
GT1,24-06-2025,3,Cirsium,arvense,9,0
GT1,24-06-2025,3,Cichorium,intybus,1,0
GT1,24-06-2025,3,Lotus,corniculatus,57,0
WT4,25-06-2025,3,Trifolium,repens,10,0
WT4,25-06-2025,3,Cirsium,arvense,49,0
WT4,25-06-2025,3,Asclepias,syriaca,1,1
WT4,25-06-2025,3,Tripleurospernmum,inodorum,28,0
WT4,25-06-2025,3,Lotus,corniculatus,1,0
DP2,25-06-2025,3,Cirsium,arvense,61,0
DP2,25-06-2025,3,Asclepias,syriaca,44,1
DP2,25-06-2025,3,Convolvulus,arvensis,53,0
DP2,25-06-2025,3,Vicia,cracca,50,0
DT2,25-06-2025,3,Convolvulus,arvensis,215,0
DT2,25-06-2025,3,Vicia,cracca,18,0
DT2,25-06-2025,3,Lotus,corniculatus,54,0
DT2,25-06-2025,3,Medicago,lupulina,44,0
DN2,25-06-2025,3,Trifolium,repens,1,0
GP1,26-06-2025,3,Myosostis,sylvatica,7,0
GP1,26-06-2025,3,Rubus,odoratus,3,1
GP1,26-06-2025,3,Rosa,multiflora,425,0
GP1,26-06-2025,3,Ranunculus,acris,3,0
GP1,26-06-2025,3,Hesperis,matronalis,2,0
GT2,26-06-2025,3,Penstemon,digitalis,461,0
GT2,26-06-2025,3,Coreopsis,lanceolata,22,1
GT2,26-06-2025,3,Zizia,aurea,1,1
GN2,26-06-2025,3,Trifolium,repens,65,0
GN2,26-06-2025,3,Medicago,lupulina,5,0
GT3,30-06-2025,3,Lavandula,angustifolia,147,0
GT3,30-06-2025,3,Rudbeckia,hirta,80,1
GT3,30-06-2025,3,Asclepias,syriaca,5,1
GT3,30-06-2025,3,Asclepias,tuberosa,17,1
GT3,30-06-2025,3,Penstemon,digitalis,1038,0
GT3,30-06-2025,3,Echinacea,sp,5,1
GT3,30-06-2025,3,Medicago,lupulina,49,0
GN2,30-06-2025,4,Medicago,lupulina,3,0
GN2,30-06-2025,4,Trifolium,repens,32,0
DP3,02-07-2025,4,Asclepias,syriaca,90,1
DP3,02-07-2025,4,Nepeta,racemosa,170,0
DP3,02-07-2025,4,Stachys,bzantia,127,0
DT1,02-07-2025,4,Rosa,rugosa,11,0
DT1,02-07-2025,4,Cichorium,intybus,4,0
DN1,02-07-2025,4,Medicago,lupulina,1,0
DN1,02-07-2025,4,Matricaria,discoidea,96,1
DT3,02-07-2025,4,Verbena,stricta,35,1
DT3,02-07-2025,4,Asclepias,syriaca,3,1
DT3,02-07-2025,4,Leucanthemum,x_superbum,1,0
DT3,02-07-2025,4,Symphoricarpos,sp,62,1
WT1,02-07-2025,4,Cirsium,arvense,81,0
WT1,02-07-2025,4,Cirsium,arvense,6,0
WT1,02-07-2025,4,Achillea,millefolium,40,0
WT1,02-07-2025,4,Medicago,lupulina,5,0
WN1,02-07-2025,4,Trifolium,repens,3,0
WN1,02-07-2025,4,Medicago,lupulina,27,0
WN1,02-07-2025,4,Lotus,corniculatus,52,0
WN3,02-07-2025,4,Trifolium,repens,8,0
WN3,02-07-2025,4,Medicago,lupulina,5,0
WT3,02-07-2025,4,Asclepias,syriaca,12,1
WT3,02-07-2025,4,Cirsium,arvense,3,0
WP1,02-07-2025,4,Asclepias,syriaca,59,1
WP1,02-07-2025,4,Cirsium,arvense,6,0
WP1,02-07-2025,4,Tripleurospernmum,inodorum,42,0
DN2,04-07-2025,4,Medicago,lupulina,1,0
DN2,04-07-2025,4,Lotus,corniculatus,3,0
DP2,04-07-2025,4,Cirsium,arvense,35,0
DP2,04-07-2025,4,Asclepias,syriaca,16,1
DP2,04-07-2025,4,Vicia,cracca,27,0
DP2,04-07-2025,4,Convolvulus,arvensis,73,0
DP2,04-07-2025,4,Echium,vulgare,5,0
DT2,04-07-2025,4,Lotus,corniculatus,32,0
DT2,04-07-2025,4,Convolvulus,arvensis,201,0
DT2,04-07-2025,4,Vicia,cracca,8,0
DT2,04-07-2025,4,Asclepias,syriaca,4,1
DT2,04-07-2025,4,Tripleurospernmum,inodorum,1,0
GT1,07-07-2025,4,Cirsium,arvense,4,0
GT1,07-07-2025,4,Asclepias,syriaca,30,1
GT1,07-07-2025,4,Lotus,corniculatus,20,0
GT1,07-07-2025,4,Cichorium,intybus,1,0
GT1,07-07-2025,4,Echinacea,pallida,4,1
GN2,07-07-2025,4,Trifolium,repens,15,0
GN2,07-07-2025,4,Medicago,lupulina,3,0
GT3,08-07-2025,4,Asclepias,syriaca,35,1
GT3,08-07-2025,4,Rudbeckia,hirta,189,1
GT3,08-07-2025,4,Echinacea,pallida,8,1
GT3,08-07-2025,4,Asclepias,incarnata,28,1
GT3,08-07-2025,4,Penstemon,digitalis,433,0
GT3,08-07-2025,4,Echinacea,sp,8,1
GT3,08-07-2025,4,Asclepias,tuberosa,38,1
GT3,08-07-2025,4,Coreopsis,lanceolata,4,1
GT3,08-07-2025,4,Lavandula,angustifolia,54,0
GT3,08-07-2025,4,Fumaria,officinalis,2,0
GT2,08-07-2025,4,Coreopsis,lanceolata,30,1
GT2,08-07-2025,4,Monarda,fistulosa,165,1
GT2,08-07-2025,4,Lobelia,cardinalis,20,1
GT2,08-07-2025,4,Asclepias,tuberosa,33,1
GT2,08-07-2025,4,Penstemon,digitalis,2,0
GT2,09-07-2025,4,Echinacea,sp,1,1
GN1,09-07-2025,4,Medicago,lupulina,4,0
GP1,09-07-2025,4,Trifolium,repens,14,0
GP1,09-07-2025,4,Medicago,lupulina,1,0
GP1,09-07-2025,4,Rosa,hybridia_cv_Ingrid_Bergman,8,0
GP1,09-07-2025,4,Clematis,Polish_Spirit,2,0
GP1,09-07-2025,4,Asclepias,Purple_towers,92,0
GP1,10-07-2025,4,Achillea,millefolium_strawberry_seduction,125,0
WT3,10-07-2025,5,Sonchus,arvensis,11,0
WT3,10-07-2025,5,Cirsium,arvense,1,0
WN3,10-07-2025,5,Lotus,corniculatus,6,0
WN3,10-07-2025,5,Trifolium,repens,8,0
WN3,10-07-2025,5,Daucus,carota,1,0
WT1,10-07-2025,5,Tripleurospernmum,inodorum,51,0
WT1,10-07-2025,5,Daucus,carota,13,0
WT1,11-07-2025,5,Eutrochium,maculatum,1,1
WN1,11-07-2025,5,Lotus,corniculatus,52,0
WP1,11-07-2025,5,Vicia,cracca,321,0
WP1,11-07-2025,5,Cirsium,arvense,44,0
DP3,11-07-2025,5,Clematis,Polish_Spirit,282,0
DP3,11-07-2025,5,Asclepias,syriaca,11,1
DP3,11-07-2025,5,137,sp,454,
DP3,11-07-2025,5,138,sp,14,
DN1,12-07-2025,5,Taraxacum,officinale,1,0
DT1,12-07-2025,5,Rosa,rugosa,9,0
GN2,12-07-2025,5,Trifolium,repens,1,0
GT2,12-07-2025,5,Monarda,fistulosa,361,1
GT2,12-07-2025,5,Lobelia,cardinalis,6,1
GT2,12-07-2025,5,Asclepias,tuberosa,24,1
GT2,12-07-2025,5,Asclepias,incarnata,5,1
GT2,12-07-2025,5,Coreopsis,lanceolata,9,1
GP1,12-07-2025,5,Cirsium,arvense,24,0
GP1,15-07-2025,5,Daucus,carota,16,0
GP1,15-07-2025,5,Lotus,corniculatus,73,0
DN3,15-07-2025,5,Plantago,major,5,0
DT3,15-07-2025,5,Heliopsis,helianthoides,3,1
DT3,16-07-2025,5,Nepeta,racemosa,54,0
DT3,16-07-2025,5,Daucus,carota,1,0
GN1,16-07-2025,5,Medicago,lupulina,10,0
GT1,16-07-2025,5,Cirsium,arvense,4,0
GT1,16-07-2025,5,Daucus,carota,16,0
GT1,16-07-2025,5,Cichorium,intybus,2,0
GT1,16-07-2025,5,Sonchus,arvensis,1,0
GN3,16-07-2025,5,Medicago,lupulina,2,0
GT3,16-07-2025,5,Symphyotrichum,puniceum,4,1
GT3,16-07-2025,5,Leucanthemum,x_superbum,553,0
GT3,16-07-2025,5,Asclepias,syriaca,28,1
GT3,16-07-2025,5,Asclepias,incarnata,8,1
GT3,16-07-2025,5,Augustache,foeniculum,7,1
GT3,16-07-2025,5,Lavandula,angustifolia,67,0
GT3,16-07-2025,5,Echinacea,sp,5,1
GT3,18-07-2025,5,Pycnathemum,virginianum,6,1
GT3,18-07-2025,5,Leucanthemum,x_superbum,10,0
DN2,18-07-2025,5,Echium,vulgare,1,0
DN2,18-07-2025,5,Taraxacum,officinale,1,0
DT2,18-07-2025,5,Echium,vulgare,28,0
DT2,18-07-2025,5,Lotus,corniculatus,25,0
DT2,18-07-2025,5,Daucus,carota,2,0
DP2,18-07-2025,5,Monarda,fistulosa,336,1
DT3,18-07-2025,6,Verbena,stricta,70,1   
DT3,21-07-2025,6,Heliopsis,helianthoides,6,1
DT3,21-07-2025,6,Daucus,carota,1,0
WT1,21-07-2025,6,Cichorium,intybus,27,0
WT1,21-07-2025,6,Tripleurospernmum,inodorum,35,0
WT1,21-07-2025,6,Cirsium,arvense,1,0
WT1,21-07-2025,6,Daucus,carota,41,0
WN1,21-07-2025,6,Lotus,corniculatus,47,0
WN1,21-07-2025,6,Cirsium,arvense,12,0
WN3,21-07-2025,6,Trifolium,repens,1,0
WN3,21-07-2025,6,Medicago,lupulina,4,0
WN3,21-07-2025,6,Lotus,corniculatus,1,0
WP3,21-07-2025,6,Allium,senescens,69,0
WP3,21-07-2025,6,Gaillardia,pulchella,17,1
WP3,21-07-2025,6,Liatris,spicata,68,1
WP3,21-07-2025,6,Gaillardia,x_grandiflora_Mesa_Yellow,11,0
WP3,21-07-2025,6,Helianthus,annuus,1,1
WP3,21-07-2025,6,Daucus,carota,4,0
WP3,21-07-2025,6,Alcea,rosea,2,0
WP3,21-07-2025,6,Coreopsis,lanceolata,37,1
WP3,21-07-2025,6,Oenothera,sp,8,1
WP3,21-07-2025,6,Nepeta,racemosa,14,0
WP3,21-07-2025,6,Euphorbia,helioscopia,1,0
WP3,21-07-2025,6,Cirsium,arvense,2,0
WT3,21-07-2025,6,Cirsium,arvense,2,0
WT3,21-07-2025,6,Sonchus,arvensis,1,0
WT3,21-07-2025,6,Lotus,corniculatus,95,0
WT3,22-07-2025,6,Euphorbia,helioscopia,333,0
WT3,22-07-2025,6,Persicaria,maculosa,5,0
DT2,22-07-2025,6,Echium,vulgare,29,0
DT2,22-07-2025,6,?P,sp,52,
DT2,22-07-2025,6,Lotus,corniculatus,49,0
DT2,22-07-2025,6,Daucus,carota,4,0
DP2,22-07-2025,6,Monarda,fistulosa,252,1
DP2,24-07-2025,6,P??,sp,2,
DT1,24-07-2025,6,Rosa,rugosa,2,0
GN1,24-07-2025,6,Medicago,lupulina,36,0
GN1,24-07-2025,6,Lotus,corniculatus,4,0
GN1,24-07-2025,6,Cichorium,intybus,1,0
GT1,24-07-2025,6,Cichorium,intybus,4,0
GT1,24-07-2025,6,Sonchus,arvensis,1,0
GT1,24-07-2025,6,Cirsium,arvense,3,0
GT1,24-07-2025,6,Daucus,carota,24,0
GP2,24-07-2025,6,Rudbeckia,hirta,1,1
GP2,24-07-2025,6,Monarda,fistulosa,5,1
GP2,28-07-2025,6,Daucus,carota,33,0
GP2,28-07-2025,6,Solidago,altissima,54,1
DT3,29-07-2025,6,158,sp,52,
DT3,29-07-2025,6,Zizia,aurea,553,1
GT2,29-07-2025,6,Verbena,stricta,55,1
GT2,29-07-2025,6,Coreopsis,lanceolata,29,1
GT2,29-07-2025,6,Rudbeckia,sp,335,1
GT2,29-07-2025,6,Rudbeckia,hirta,36,1
GT2,29-07-2025,6,Solidago,altissima,27,1
GT2,29-07-2025,6,Spergularia,media,31,0
GT2,29-07-2025,6,Echinacea,sp,4,1
GN2,29-07-2025,6,Medicago,lupulina,1,0
GN2,29-07-2025,6,Plantago,major,2,0
DT3,29-07-2025,7,Verbena,stricta,17,1
DT3,07-08-2025,7,Heliopsis,helianthoides,18,1
DT3,07-08-2025,7,Daucus,carota,2,0
GT3,07-08-2025,7,Liatris,spicata,66,1
GT3,07-08-2025,7,Gaillardia,pulchella,22,1
GT3,07-08-2025,7,Rudbeckia,hirta,677,1
GT3,07-08-2025,7,Echinacea,purpurea,24,1
GT3,07-08-2025,7,Verbena,canadensis_Homestead_Hot_Pink,94,0
GP2,07-08-2025,7,Rudbeckia,hirta,10,1
GP2,07-08-2025,7,Monarda,fistulosa,6,1
GP2,07-08-2025,7,Daucus,carota,117,0
GP2,07-08-2025,7,Solidago,altissima,359,1
GP2,07-08-2025,7,Rudbeckia,sp,7,1
GT1,07-08-2025,7,Cirsium,arvense,1,0
GT1,07-08-2025,7,Medicago,lupulina,173,0
GT1,07-08-2025,7,Daucus,carota,30,0
GN1,07-08-2025,7,Spergularia,media,1,0
WT4,08-08-2025,7,Cirsium,arvense,17,0
WT4,12-08-2025,7,Medicago,lupulina,8,0
WT4,12-08-2025,7,Sonchus,arvensis,1,0
DP3,12-08-2025,7,Asclepias,incarnata,1774,1
DP3,15-08-2025,7,Heliopsis,helianthoides,339,1
DT1,15-08-2025,7,Rosa,rugosa,2,0
GT2,15-08-2025,7,Rudbeckia,hirta,23,1
GT2,15-08-2025,7,Agastache,foeniculum,30,1
GT2,15-08-2025,7,Oenothera,biennis,1,1
GT2,15-08-2025,7,Diervilla,sp,5,1
GT2,15-08-2025,7,Achillea,sp,81,0
GN2,15-08-2025,7,Trifolium,repens,5,0
GN2,15-08-2025,7,Erigeron,canadensis,5,1
DT2,15-08-2025,7,Trifolium,pratense,3,0
DT2,15-08-2025,7,Medicago,lupulina,7,0
DT2,15-08-2025,7,Lucanthemum,vulgare,49,0
DT2,15-08-2025,7,Daucus,carota,108,0
DP2,15-08-2025,7,Erigeron,annuus,279,1
DP2,15-08-2025,7,Ageratina,altissima,20,1
DP2,18-08-2025,7,Helianthus,tuberosus,173,1
DP2,18-08-2025,7,Monarda,fistulosa,8,1
WP3,18-08-2025,7,Echinacea,Balsomenco,23,1
WP3,18-08-2025,7,Echinacea,purpurea,5,1
WP3,18-08-2025,7,Zinnia,sp,3,0
WP3,18-08-2025,7,Rudbeckia,fuldiga,176,1
WP3,18-08-2025,7,Agastache,foeniculum,8,1
WT3,18-08-2025,7,Artemisia,vulgaris,167,0
WN3,21-08-2025,7,Trifolium,repens,3,0
WN3,21-08-2025,7,Medicago,lupulina,16,0
DP3,21-08-2025,8,Asclepias,incarnata,65,1
DP3,21-08-2025,8,Helianthus,tuberosus,170,1
DT1,21-08-2025,8,Solidago,altissima,21,1
DP2,21-08-2025,8,Helianthus,tuberosus,148,1
DP2,21-08-2025,8,Ageratina,altissima,85,1
DP2,21-08-2025,8,Daucus,carota,134,0
DN2,21-08-2025,8,Lotus,corniculatus,2,00
DT2,21-08-2025,8,Trifolium,pratense,5,0
DT2,21-08-2025,8,Medicago,lupulina,21,0
DT2,21-08-2025,8,Lotus,corniculatus,3,0
DT2,21-08-2025,8,Tripleurospernmum,inodorum,2,0
DT2,22-08-2025,8,Daucus,carota,36,0
DT2,22-08-2025,8,Erigeron,annuus,19,1
WP3,22-08-2025,8,Liatris,spicata,6,1
WP3,22-08-2025,8,Echinacea,purpurea,77,1
WP3,22-08-2025,8,Verbena,sp,131,1
WP3,22-08-2025,8,Scabiosa,columbaria,3,0
WT3,22-08-2025,8,Solidago,canadensis,250,1
WN4,22-08-2025,8,Medicago,lupulina,6,0
WT4,22-08-2025,8,Cirsium,arvense,16,0
WT4,22-08-2025,8,Lotus,corniculatus,3,0
DT3,22-08-2025,8,Verbena,stricta,9,1
DT3,22-08-2025,8,Heliopsis,helianthoides,5,1
DT3,22-08-2025,8,Agastache,sp,5,0
DT3,27-08-2025,8,Oxalis,corniculata,3,0
DT3,27-08-2025,8,Coreopsis,lanceolata,2,1
GT2,27-08-2025,8,Solidago,altissima,44,1
GT2,27-08-2025,8,Oenothera,biennis,81,1
GT2,27-08-2025,8,Erigeron,annuus,4,1
GT2,27-08-2025,8,Rudbeckia,laciniata,4,1
GT2,27-08-2025,8,Pycanthemum,virginianum,68,1
GP3,27-08-2025,8,Rudbeckia,fludiga,250,1
GP3,27-08-2025,8,Solidago,altissima,15,1
GP3,27-08-2025,8,Daucus,carota,17,0
GT3,27-08-2025,8,Nepeta,racemosa,182,0
GT3,27-08-2025,8,Rudbeckia,hirta,13,1
GT3,27-08-2025,8,Liatris,spicata,15,1
GN1,25-08-07,8,Medicago,lupulina,12,0
GT1,25-08-07,8,Solidago,altissima,16,1
DP2,25-08-30,9,Sonchus,arvensis,3,0
DP2,25-08-30,9,Ageratina,altissima,5,1
DP2,25-08-30,9,Euthamia,gramifolia,12,1
DP2,25-08-30,9,Rudbeckia,laciniata,187,1
DP2,25-08-30,9,Rudbeckia,fludiga,2,1
DT2,25-08-30,9,Lotus,corniculatus,52,0
DT2,25-08-30,9,Cichorium,intybus,5,0
DT2,25-08-30,9,Daucus,carota,38,0
DT2,25-08-30,9,Medicago,lupulina,15,0
DT2,25-08-30,9,Ranunculus,acris,3,0
DP4,25-08-30,9,Eutrochium,maculatum,89,1
DP4,25-08-30,9,Helianthus,tuberosus,91,1
DT1,25-08-30,9,Rosa,rugosa,1,0
DT1,25-08-30,9,Solidago,altissima,42,1
DN1,25-08-30,9,Plantago,major,5,0
DT3,25-08-30,9,Heliopsis,helianthoides,23,1
DT3,25-08-30,9,Verbena,stricta,74,1
WP3,25-09-08,9,Vicia,cracca,6,0
WP3,25-09-08,9,Gaillardia,pulchella,23,1
WP3,25-09-08,9,Liatris,spicata,19,1
WP3,25-09-08,9,Gaillardia,x_grandiflora_Mesa_Yellow,12,0
WP3,25-09-08,9,Helianthus,annuus,28,1
WP3,25-09-08,9,Alcea,rosea,1,0
WP3,25-09-08,9,Oenothera,sp,2,1
WP3,25-09-08,9,Salvia,nemorosa,17,0
WP3,25-09-08,9,Cosmos,bipinnatus,1,1
WP3,25-09-08,9,Coreopsis,sp,1,1
WP3,25-09-08,9,Tagetes,patula,7,0
WT3,25-09-08,9,Solidago,altissima,92,1
WT4,25-09-08,9,Trifolium,repens,1,0
WT4,25-09-08,9,Cirsium,arvense,3,0
WT4,25-09-08,9,Solidago,canadensis,4,1
WT4,25-09-08,9,Linaria,vulgaris,43,0
WN4,25-09-08,9,Trifolium,repens,2,0
WN4,25-09-08,9,Medicago,lupulina,5,0
DN1,25-09-13,9,Plantago,major,6,0
DT1,25-09-13,9,Solidago,altissima,29,1
GN1,25-09-15,9,Cichorium,intybus,2,0
GT1,25-09-15,9,Symphyotrichum,puniceum,429,1
GT1,25-09-15,9,Cichorium,intybus,5,0
GT1,25-09-15,9,Cirsium,arvense,3,0
GT3,25-09-15,9,Symphyotrichum,puniceum,41,1
GT3,25-09-15,9,Rudbeckia,sp,65,1
GT3,25-09-15,9,190,sp,2,
GT3,25-09-15,9,191,sp,1,
GT3,25-09-15,9,Cosmos,bipinnatus,2,1
GT3,25-09-15,9,192,sp,3,
GT3,25-09-15,9,193,sp,6,
GP3,25-09-18,9,Solidago,canadensis,5,1
GP3,25-09-18,9,Solidago,altissima,49,1
GP3,25-09-18,9,Erigeron,annuus,129,1
GP3,25-09-18,9,Rudbeckia,fludiga,97,1
GP3,25-09-18,9,Picris,hieracoides,6,0
GT2,25-09-18,9,Solidago,altissima,,1
GT2,25-09-18,9,Oenothera,biennis,50,1
GT2,25-09-18,9,Coreopsis,lanceolata,10,1
GT2,25-09-18,9,Erigeron,annuus,45,1
GT2,25-09-18,9,Solidago,sp,4,1
GT2,25-09-18,9,Chelone,glabra,19,1
GT2,25-09-18,9,Symphyotrichum.novae,angliae,76,1
GT2,25-09-18,9,Symphyotrichum,ericoides,4,1
WT4,25-09-29,10,Solidago,altissima,18,1
WT4,25-09-29,10,Linaria,vulgaris,22,0
WT4,25-09-29,10,Symphyotrichum,novae-angliae,7,1
WT4,25-09-29,10,Symphyotrichum,ericoides,12,1
WN3,25-09-30,10,Trifolium,repens,6,0
WN3,25-09-30,10,Medicago,lupulina,1,0
WP3,25-09-30,10,Echinacea,purpurea,1,1
WP3,25-09-30,10,Symphyotrichum,novae-angliae,810,1
WP3,25-09-30,10,Hylotelephium,sp,43,1
WP3,25-09-30,10,Salvia,yangii,3,0
WT3,25-09-30,10,Solidago,canadensis,29,1
WT3,25-09-30,10,Euphorbia,helioscopia,286,0
DN3,25-10-06,10,Taraxacum,officinale,2,0
DT3,25-10-06,10,Solidago,altissima,22,1
DT3,25-10-06,10,Symphyotrichum,novae-angliae,5,1
DT3,25-10-06,10,Augustache,foeniculum,1,1
DP2,25-10-06,10,Symphyotrichum,novae-angliae,326,1
DP2,25-10-06,10,Symphyotrichum,ericoides,76,1
DT2,25-10-06,10,Solidago,altissima,33,1
DT2,25-10-06,10,Symphyotrichum,ericoides,553,1
DT1,25-10-06,10,Solidago,altissima,11,1
DT1,25-10-06,10,Symphyotrichum,ericoides,26,1
DN1,25-10-06,10,Plantago,major,1,0
DP3,25-10-06,10,Solidago,canadensis,22,1
DP3,25-10-06,10,Linaria,vulgaris,60,1
DP3,25-10-06,10,Symphyotrichum,ericoides,,1
GT1,25-10-14,10,Cichorium,intybus,1,0
GT1,25-10-14,10,Taraxacum,officinale,1,0
GT1,25-10-14,10,Solidago,altissima,9,1
GT1,25-10-14,10,Solidago,flexicaulis,41,1
GT1,25-10-14,10,Medicago,sativa,14,0
GN1,25-10-14,10,Medicago,lupulina,8,0
GN2,25-10-14,10,Taraxacum,officinale,1,0
GT2,25-10-14,10,Solidago,canadensis,17,1
GT2,25-10-14,10,Solidago,altissima,2,1
GT2,25-10-14,10,Symphyotrichum,novae-angliae,210,1
